Position	Name + ID	Name	ID	Roster Position	Salary	Game Info	TeamAbbrev	AvgPointsPerGame
SP	Jacob Misiorowski (43505179)	Jacob Misiorowski	43505179	P	12500	MIL@STL 07/08/2026 07:45PM ET	MIL	29.64
SP	Tyler Glasnow (43505180)	Tyler Glasnow	43505180	P	11000	COL@LAD 07/08/2026 10:10PM ET	LAD	22.21
SP	Yoshinobu Yamamoto (43505181)	Yoshinobu Yamamoto	43505181	P	11000	COL@LAD 07/08/2026 10:10PM ET	LAD	22.28
SP	Chase Burns (43504787)	Chase Burns	43504787	P	10500	PHI@CIN 07/08/2026 07:10PM ET	CIN	22.16
SP	Cristopher Sanchez (43505182)	Cristopher Sanchez	43505182	P	10500	PHI@CIN 07/08/2026 07:10PM ET	PHI	22.87
SP	Zack Wheeler (43505183)	Zack Wheeler	43505183	P	10500	PHI@CIN 07/08/2026 07:10PM ET	PHI	23.94
SP	Garrett Crochet (43505184)	Garrett Crochet	43505184	P	10200	BOS@CWS 07/08/2026 07:40PM ET	BOS	13.78
SP	Joe Ryan (43505185)	Joe Ryan	43505185	P	9900	CLE@MIN 07/08/2026 07:40PM ET	MIN	18.76
SP	Kyle Harrison (43504788)	Kyle Harrison	43504788	P	9500	MIL@STL 07/08/2026 07:45PM ET	MIL	19.08
SP	Logan Henderson (43505186)	Logan Henderson	43505186	P	9500	MIL@STL 07/08/2026 07:45PM ET	MIL	18.27
SP	Nathan Eovaldi (43505187)	Nathan Eovaldi	43505187	P	9300	LAA@TEX 07/08/2026 08:05PM ET	TEX	18.92
SP	Jacob deGrom (43505188)	Jacob deGrom	43505188	P	9300	LAA@TEX 07/08/2026 08:05PM ET	TEX	19.96
SP	Nolan McLean (43505189)	Nolan McLean	43505189	P	9200	KC@NYM 07/08/2026 07:10PM ET	NYM	18.28
SP	Blake Snell (43505190)	Blake Snell	43505190	P	9000	COL@LAD 07/08/2026 10:10PM ET	LAD	3.95
SP	Justin Wrobleski (43505191)	Justin Wrobleski	43505191	P	9000	COL@LAD 07/08/2026 10:10PM ET	LAD	18.05
SP	Corbin Burnes (43505192)	Corbin Burnes	43505192	P	9000	ARI@SD 07/08/2026 10:10PM ET	ARI	0
SP	Taj Bradley (43505194)	Taj Bradley	43505194	P	8900	CLE@MIN 07/08/2026 07:40PM ET	MIN	18.93
SP	Pablo Lopez (43505195)	Pablo Lopez	43505195	P	8900	CLE@MIN 07/08/2026 07:40PM ET	MIN	0
SP	Mick Abel (43505196)	Mick Abel	43505196	P	8900	CLE@MIN 07/08/2026 07:40PM ET	MIN	14.19
SP	Nick Pivetta (43505193)	Nick Pivetta	43505193	P	8900	ARI@SD 07/08/2026 10:10PM ET	SD	15.3
SP	Ranger Suarez (43505197)	Ranger Suarez	43505197	P	8700	BOS@CWS 07/08/2026 07:40PM ET	BOS	16.86
SP	Sonny Gray (43505198)	Sonny Gray	43505198	P	8700	BOS@CWS 07/08/2026 07:40PM ET	BOS	18.28
SP	Payton Tolle (43505199)	Payton Tolle	43505199	P	8700	BOS@CWS 07/08/2026 07:40PM ET	BOS	17.67
SP	Connelly Early (43505202)	Connelly Early	43505202	P	8700	BOS@CWS 07/08/2026 07:40PM ET	BOS	16.23
SP	Parker Messick (43505200)	Parker Messick	43505200	P	8700	CLE@MIN 07/08/2026 07:40PM ET	CLE	19.38
SP	Gavin Williams (43505201)	Gavin Williams	43505201	P	8700	CLE@MIN 07/08/2026 07:40PM ET	CLE	19.61
SP	Jesus Luzardo (43505203)	Jesus Luzardo	43505203	P	8500	PHI@CIN 07/08/2026 07:10PM ET	PHI	18.91
SP	Hunter Greene (43505204)	Hunter Greene	43505204	P	8500	PHI@CIN 07/08/2026 07:10PM ET	CIN	-1.1
SP	Davis Martin (43504789)	Davis Martin	43504789	P	8500	BOS@CWS 07/08/2026 07:40PM ET	CWS	17.16
SP	Brandon Woodruff (43505205)	Brandon Woodruff	43505205	P	8500	MIL@STL 07/08/2026 07:45PM ET	MIL	16.73
SP	MacKenzie Gore (43504790)	MacKenzie Gore	43504790	P	8300	LAA@TEX 07/08/2026 08:05PM ET	TEX	15.42
SP	Cole Ragans (43505206)	Cole Ragans	43505206	P	8300	KC@NYM 07/08/2026 07:10PM ET	KC	13.19
SP	Kris Bubic (43505207)	Kris Bubic	43505207	P	8300	KC@NYM 07/08/2026 07:10PM ET	KC	15.94
SP	Tylor Megill (43505208)	Tylor Megill	43505208	P	8200	KC@NYM 07/08/2026 07:10PM ET	NYM	0
RP	Clay Holmes (43505209)	Clay Holmes	43505209	P	8200	KC@NYM 07/08/2026 07:10PM ET	NYM	17.9
SP	Walbert Urena (43504791)	Walbert Urena	43504791	P	8100	LAA@TEX 07/08/2026 08:05PM ET	LAA	14.2
SP	Jose Soriano (43505210)	Jose Soriano	43505210	P	8100	LAA@TEX 07/08/2026 08:05PM ET	LAA	17.60
SP	Reid Detmers (43505211)	Reid Detmers	43505211	P	8100	LAA@TEX 07/08/2026 08:05PM ET	LAA	17.27
SP	Emmet Sheehan (43505212)	Emmet Sheehan	43505212	P	8000	COL@LAD 07/08/2026 10:10PM ET	LAD	13.47
SP	Michael Soroka (43505213)	Michael Soroka	43505213	P	8000	ARI@SD 07/08/2026 10:10PM ET	ARI	17.47
SP	Eduardo Rodriguez (43505214)	Eduardo Rodriguez	43505214	P	8000	ARI@SD 07/08/2026 10:10PM ET	ARI	16.11
SP	Zebby Matthews (43505217)	Zebby Matthews	43505217	P	7900	CLE@MIN 07/08/2026 07:40PM ET	MIN	15.14
SP	Michael King (43504792)	Michael King	43504792	P	7900	ARI@SD 07/08/2026 10:10PM ET	SD	15.00
SP	Joe Musgrove (43505215)	Joe Musgrove	43505215	P	7900	ARI@SD 07/08/2026 10:10PM ET	SD	0
SP	Walker Buehler (43505216)	Walker Buehler	43505216	P	7900	ARI@SD 07/08/2026 10:10PM ET	SD	11.26
SP	Jake Bennett (43504793)	Jake Bennett	43504793	P	7700	BOS@CWS 07/08/2026 07:40PM ET	BOS	16.13
RP	Joey Cantillo (43505218)	Joey Cantillo	43505218	P	7700	CLE@MIN 07/08/2026 07:40PM ET	CLE	14.47
SP	Tanner Bibee (43505219)	Tanner Bibee	43505219	P	7700	CLE@MIN 07/08/2026 07:40PM ET	CLE	12.92
SP	Nick Lodolo (43505220)	Nick Lodolo	43505220	P	7500	PHI@CIN 07/08/2026 07:10PM ET	CIN	10.78
SP	Rhett Lowder (43505221)	Rhett Lowder	43505221	P	7500	PHI@CIN 07/08/2026 07:10PM ET	CIN	9.62
SP	Aaron Nola (43505222)	Aaron Nola	43505222	P	7500	PHI@CIN 07/08/2026 07:10PM ET	PHI	11.44
SP	Andrew Abbott (43505223)	Andrew Abbott	43505223	P	7500	PHI@CIN 07/08/2026 07:10PM ET	CIN	12.56
SP	Sean Burke (43505228)	Sean Burke	43505228	P	7500	BOS@CWS 07/08/2026 07:40PM ET	CWS	16.69
RP	David Sandlin (43505229)	David Sandlin	43505229	P	7500	BOS@CWS 07/08/2026 07:40PM ET	CWS	12.62
SP	Robert Gasser (43505224)	Robert Gasser	43505224	P	7500	MIL@STL 07/08/2026 07:45PM ET	MIL	14.06
SP	Brandon Sproat (43505225)	Brandon Sproat	43505225	P	7500	MIL@STL 07/08/2026 07:45PM ET	MIL	11.73
RP	Shane Drohan (43505226)	Shane Drohan	43505226	P	7500	MIL@STL 07/08/2026 07:45PM ET	MIL	10.62
SP	Chad Patrick (43505227)	Chad Patrick	43505227	P	7500	MIL@STL 07/08/2026 07:45PM ET	MIL	7.11
SP	Andre Pallante (43504794)	Andre Pallante	43504794	P	7400	MIL@STL 07/08/2026 07:45PM ET	STL	14.23
SP	Dustin May (43505230)	Dustin May	43505230	P	7400	MIL@STL 07/08/2026 07:45PM ET	STL	13.86
SP	Michael McGreevy (43505231)	Michael McGreevy	43505231	P	7400	MIL@STL 07/08/2026 07:45PM ET	STL	12.76
RP	Jacob Latz (43505235)	Jacob Latz	43505235	P	7300	LAA@TEX 07/08/2026 08:05PM ET	TEX	4.76
SP	Jack Leiter (43505236)	Jack Leiter	43505236	P	7300	LAA@TEX 07/08/2026 08:05PM ET	TEX	12.71
SP	Michael Wacha (43505232)	Michael Wacha	43505232	P	7300	KC@NYM 07/08/2026 07:10PM ET	KC	16.1
SP	Noah Cameron (43505233)	Noah Cameron	43505233	P	7300	KC@NYM 07/08/2026 07:10PM ET	KC	12.41
RP	Seth Lugo (43505234)	Seth Lugo	43505234	P	7300	KC@NYM 07/08/2026 07:10PM ET	KC	11.61
SP	Christian Scott (43504795)	Christian Scott	43504795	P	7200	KC@NYM 07/08/2026 07:10PM ET	NYM	14.33
SP	Freddy Peralta (43505237)	Freddy Peralta	43505237	P	7200	KC@NYM 07/08/2026 07:10PM ET	NYM	13.34
SP	Grayson Rodriguez (43505238)	Grayson Rodriguez	43505238	P	7100	LAA@TEX 07/08/2026 08:05PM ET	LAA	6.49
SP	Yusei Kikuchi (43505239)	Yusei Kikuchi	43505239	P	7100	LAA@TEX 07/08/2026 08:05PM ET	LAA	9.39
SP	Roki Sasaki (43504796)	Roki Sasaki	43504796	P	7000	COL@LAD 07/08/2026 10:10PM ET	LAD	11.65
RP	Eric Lauer (43505241)	Eric Lauer	43505241	P	7000	COL@LAD 07/08/2026 10:10PM ET	LAD	9.37
SP	Ryne Nelson (43505240)	Ryne Nelson	43505240	P	7000	ARI@SD 07/08/2026 10:10PM ET	ARI	11.11
SP	Connor Prielipp (43504797)	Connor Prielipp	43504797	P	6900	CLE@MIN 07/08/2026 07:40PM ET	MIN	12.90
SP	Bailey Ober (43505242)	Bailey Ober	43505242	P	6900	CLE@MIN 07/08/2026 07:40PM ET	MIN	12.77
RP	Matt Bowman (43505248)	Matt Bowman	43505248	P	6900	CLE@MIN 07/08/2026 07:40PM ET	MIN	0
RP	Kendry Rojas (43505249)	Kendry Rojas	43505249	P	6900	CLE@MIN 07/08/2026 07:40PM ET	MIN	9.19
SP	Hunter Dobbins (43505243)	Hunter Dobbins	43505243	P	6900	MIL@STL 07/08/2026 07:45PM ET	STL	12.33
RP	Matthew Liberatore (43505245)	Matthew Liberatore	43505245	P	6900	MIL@STL 07/08/2026 07:45PM ET	STL	10.58
RP	Kyle Leahy (43505246)	Kyle Leahy	43505246	P	6900	MIL@STL 07/08/2026 07:45PM ET	STL	12.72
SP	Randy Vasquez (43505244)	Randy Vasquez	43505244	P	6900	ARI@SD 07/08/2026 10:10PM ET	SD	9.86
SP	JP Sears (43505247)	JP Sears	43505247	P	6900	ARI@SD 07/08/2026 10:10PM ET	SD	13.97
SP	Tanner Houck (43505250)	Tanner Houck	43505250	P	6700	BOS@CWS 07/08/2026 07:40PM ET	BOS	0
SP	Patrick Sandoval (43505251)	Patrick Sandoval	43505251	P	6700	BOS@CWS 07/08/2026 07:40PM ET	BOS	0
SP	Kutter Crawford (43505252)	Kutter Crawford	43505252	P	6700	BOS@CWS 07/08/2026 07:40PM ET	BOS	0
SP	Slade Cecconi (43504798)	Slade Cecconi	43504798	P	6700	CLE@MIN 07/08/2026 07:40PM ET	CLE	11.16
SP	Logan Allen (43505253)	Logan Allen	43505253	P	6700	CLE@MIN 07/08/2026 07:40PM ET	CLE	19.4
1B/OF	Shohei Ohtani (43504803)	Shohei Ohtani	43504803	1B/OF	6700	COL@LAD 07/08/2026 10:10PM ET	LAD	9.75
SP	Alan Rangel (43504799)	Alan Rangel	43504799	P	6500	PHI@CIN 07/08/2026 07:10PM ET	PHI	11.2
SP	Brandon Williamson (43505257)	Brandon Williamson	43505257	P	6500	PHI@CIN 07/08/2026 07:10PM ET	CIN	6.93
RP	Jose Franco (43505258)	Jose Franco	43505258	P	6500	PHI@CIN 07/08/2026 07:10PM ET	CIN	2.7
SP	Connor Phillips (43505259)	Connor Phillips	43505259	P	6500	PHI@CIN 07/08/2026 07:10PM ET	CIN	2.28
SP	Chase Petty (43505260)	Chase Petty	43505260	P	6500	PHI@CIN 07/08/2026 07:10PM ET	CIN	3.22
SP	Brady Singer (43505261)	Brady Singer	43505261	P	6500	PHI@CIN 07/08/2026 07:10PM ET	CIN	9.85
SP	Tony Santillan (43505262)	Tony Santillan	43505262	P	6500	PHI@CIN 07/08/2026 07:10PM ET	CIN	2.00
RP	Seth Johnson (43505263)	Seth Johnson	43505263	P	6500	PHI@CIN 07/08/2026 07:10PM ET	PHI	2.5
SP	Andrew Painter (43505266)	Andrew Painter	43505266	P	6500	PHI@CIN 07/08/2026 07:10PM ET	PHI	6.30
RP	Anthony Kay (43505254)	Anthony Kay	43505254	P	6500	BOS@CWS 07/08/2026 07:40PM ET	CWS	10.32
RP	Shane Smith (43505255)	Shane Smith	43505255	P	6500	BOS@CWS 07/08/2026 07:40PM ET	CWS	2.52
SP	Noah Schultz (43505256)	Noah Schultz	43505256	P	6500	BOS@CWS 07/08/2026 07:40PM ET	CWS	9.42
SP	Jonathan Cannon (43505265)	Jonathan Cannon	43505265	P	6500	BOS@CWS 07/08/2026 07:40PM ET	CWS	-3.8
SP	Quinn Priester (43505264)	Quinn Priester	43505264	P	6500	MIL@STL 07/08/2026 07:45PM ET	MIL	0
OF	Byron Buxton (43504805)	Byron Buxton	43504805	OF	6400	CLE@MIN 07/08/2026 07:40PM ET	MIN	10.05
SP	Kumar Rocker (43505268)	Kumar Rocker	43505268	P	6300	LAA@TEX 07/08/2026 08:05PM ET	TEX	11.93
RP	Cody Bradford (43505269)	Cody Bradford	43505269	P	6300	LAA@TEX 07/08/2026 08:05PM ET	TEX	0
SP	Leandro Lopez (43505270)	Leandro Lopez	43505270	P	6300	LAA@TEX 07/08/2026 08:05PM ET	TEX	0
SP	Emiliano Teodo (43505271)	Emiliano Teodo	43505271	P	6300	LAA@TEX 07/08/2026 08:05PM ET	TEX	0
SP	Jordan Montgomery (43505272)	Jordan Montgomery	43505272	P	6300	LAA@TEX 07/08/2026 08:05PM ET	TEX	0
SP	David Davalillo (43505273)	David Davalillo	43505273	P	6300	LAA@TEX 07/08/2026 08:05PM ET	TEX	0
RP	Winston Santos (43505274)	Winston Santos	43505274	P	6300	LAA@TEX 07/08/2026 08:05PM ET	TEX	0.7
SP	Jose Corniell (43505275)	Jose Corniell	43505275	P	6300	LAA@TEX 07/08/2026 08:05PM ET	TEX	-1.9
RP	Cal Quantrill (43505276)	Cal Quantrill	43505276	P	6300	LAA@TEX 07/08/2026 08:05PM ET	TEX	5.31
SP	Stephen Kolek (43504800)	Stephen Kolek	43504800	P	6300	KC@NYM 07/08/2026 07:10PM ET	KC	11.51
SS	Bobby Witt Jr. (43504806)	Bobby Witt Jr.	43504806	SS	6300	KC@NYM 07/08/2026 07:10PM ET	KC	9.62
RP	Ryan Bergert (43505267)	Ryan Bergert	43505267	P	6300	KC@NYM 07/08/2026 07:10PM ET	KC	0
1B	Freddie Freeman (43504807)	Freddie Freeman	43504807	1B	6200	COL@LAD 07/08/2026 10:10PM ET	LAD	8.54
RP	Justin Hagenman (43505277)	Justin Hagenman	43505277	P	6200	KC@NYM 07/08/2026 07:10PM ET	NYM	0
SP	Sean Manaea (43505278)	Sean Manaea	43505278	P	6200	KC@NYM 07/08/2026 07:10PM ET	NYM	8.13
SP	Zach Thornton (43505279)	Zach Thornton	43505279	P	6200	KC@NYM 07/08/2026 07:10PM ET	NYM	13.02
SP	Jonah Tong (43505280)	Jonah Tong	43505280	P	6200	KC@NYM 07/08/2026 07:10PM ET	NYM	7.83
SP	Kodai Senga (43505281)	Kodai Senga	43505281	P	6200	KC@NYM 07/08/2026 07:10PM ET	NYM	5.96
SP	Tobias Myers (43505282)	Tobias Myers	43505282	P	6200	KC@NYM 07/08/2026 07:10PM ET	NYM	2.74
OF	Kyle Schwarber (43504808)	Kyle Schwarber	43504808	OF	6100	PHI@CIN 07/08/2026 07:10PM ET	PHI	9.66
SP	River Ryan (43505283)	River Ryan	43505283	P	6000	COL@LAD 07/08/2026 10:10PM ET	LAD	0
SP	Gavin Stone (43505284)	Gavin Stone	43505284	P	6000	COL@LAD 07/08/2026 10:10PM ET	LAD	0
SP	Bobby Miller (43505285)	Bobby Miller	43505285	P	6000	COL@LAD 07/08/2026 10:10PM ET	LAD	0
SP	Landon Knack (43505286)	Landon Knack	43505286	P	6000	COL@LAD 07/08/2026 10:10PM ET	LAD	0
RP	Chayce McDermott (43505287)	Chayce McDermott	43505287	P	6000	COL@LAD 07/08/2026 10:10PM ET	LAD	0.72
SP	Jose Cabrera (43504801)	Jose Cabrera	43504801	P	6000	ARI@SD 07/08/2026 10:10PM ET	ARI	7.6
SP	Dylan Ray (43505288)	Dylan Ray	43505288	P	6000	ARI@SD 07/08/2026 10:10PM ET	ARI	0
RP	Kohl Drake (43505289)	Kohl Drake	43505289	P	6000	ARI@SD 07/08/2026 10:10PM ET	ARI	0
RP	Thomas Hatch (43505290)	Thomas Hatch	43505290	P	6000	ARI@SD 07/08/2026 10:10PM ET	ARI	0
SP	Cristian Mena (43505291)	Cristian Mena	43505291	P	6000	ARI@SD 07/08/2026 10:10PM ET	ARI	0
SP	Zac Gallen (43505292)	Zac Gallen	43505292	P	6000	ARI@SD 07/08/2026 10:10PM ET	ARI	6.44
SP	Mitch Bratt (43505293)	Mitch Bratt	43505293	P	6000	ARI@SD 07/08/2026 10:10PM ET	ARI	8.35
SP	Merrill Kelly (43505294)	Merrill Kelly	43505294	P	6000	ARI@SD 07/08/2026 10:10PM ET	ARI	9.02
SP	Brandon Pfaadt (43505295)	Brandon Pfaadt	43505295	P	6000	ARI@SD 07/08/2026 10:10PM ET	ARI	6.53
OF	Juan Soto (43504809)	Juan Soto	43504809	OF	6000	KC@NYM 07/08/2026 07:10PM ET	NYM	9.82
RP	Yoendrys Gomez (43505302)	Yoendrys Gomez	43505302	P	5900	CLE@MIN 07/08/2026 07:40PM ET	MIN	2.72
RP	Marco Raya (43505303)	Marco Raya	43505303	P	5900	CLE@MIN 07/08/2026 07:40PM ET	MIN	4.23
SP	David Festa (43505304)	David Festa	43505304	P	5900	CLE@MIN 07/08/2026 07:40PM ET	MIN	0
RP	Mike Paredes (43505305)	Mike Paredes	43505305	P	5900	CLE@MIN 07/08/2026 07:40PM ET	MIN	6
RP	Jhony Brito (43505296)	Jhony Brito	43505296	P	5900	ARI@SD 07/08/2026 10:10PM ET	SD	5.75
SP	German Marquez (43505297)	German Marquez	43505297	P	5900	ARI@SD 07/08/2026 10:10PM ET	SD	9.22
SP	Kyle Hart (43505298)	Kyle Hart	43505298	P	5900	ARI@SD 07/08/2026 10:10PM ET	SD	3.24
SP	Matt Waldron (43505299)	Matt Waldron	43505299	P	5900	ARI@SD 07/08/2026 10:10PM ET	SD	5.22
SP	Griffin Canning (43505300)	Griffin Canning	43505300	P	5900	ARI@SD 07/08/2026 10:10PM ET	SD	7.70
SP	Lucas Giolito (43505301)	Lucas Giolito	43505301	P	5900	ARI@SD 07/08/2026 10:10PM ET	SD	6.16
SS	Elly De La Cruz (43504810)	Elly De La Cruz	43504810	SS	5800	PHI@CIN 07/08/2026 07:10PM ET	CIN	9.24
SP	Brayan Bello (43505306)	Brayan Bello	43505306	P	5700	BOS@CWS 07/08/2026 07:40PM ET	BOS	7.12
RP	Eduardo Rivera (43505307)	Eduardo Rivera	43505307	P	5700	BOS@CWS 07/08/2026 07:40PM ET	BOS	12.9
SP	Johan Oviedo (43505308)	Johan Oviedo	43505308	P	5700	BOS@CWS 07/08/2026 07:40PM ET	BOS	1.45
RP	Daniel Espino (43505309)	Daniel Espino	43505309	P	5700	CLE@MIN 07/08/2026 07:40PM ET	CLE	3.69
SP	Joey Lucchesi (43505310)	Joey Lucchesi	43505310	P	5600	LAA@TEX 07/08/2026 08:05PM ET	LAA	-0.58
RP	Mitch Farris (43505311)	Mitch Farris	43505311	P	5600	LAA@TEX 07/08/2026 08:05PM ET	LAA	5.47
RP	Ryan Johnson (43505312)	Ryan Johnson	43505312	P	5600	LAA@TEX 07/08/2026 08:05PM ET	LAA	5.59
SP	Caden Dana (43505313)	Caden Dana	43505313	P	5600	LAA@TEX 07/08/2026 08:05PM ET	LAA	0
RP	Sam Aldegheri (43505314)	Sam Aldegheri	43505314	P	5600	LAA@TEX 07/08/2026 08:05PM ET	LAA	7.15
SP	George Klassen (43505315)	George Klassen	43505315	P	5600	LAA@TEX 07/08/2026 08:05PM ET	LAA	0.15
SP	Jack Kochanowicz (43505316)	Jack Kochanowicz	43505316	P	5600	LAA@TEX 07/08/2026 08:05PM ET	LAA	7.26
SP	Chase Silseth (43505317)	Chase Silseth	43505317	P	5600	LAA@TEX 07/08/2026 08:05PM ET	LAA	2.92
1B	Bryce Harper (43504811)	Bryce Harper	43504811	1B	5600	PHI@CIN 07/08/2026 07:10PM ET	PHI	8.75
OF	Mike Trout (43505041)	Mike Trout	43505041	OF	5500	LAA@TEX 07/08/2026 08:05PM ET	LAA	9.24
1B	Willson Contreras (43504812)	Willson Contreras	43504812	1B	5500	BOS@CWS 07/08/2026 07:40PM ET	BOS	8.90
SP	Erick Fedde (43505318)	Erick Fedde	43505318	P	5500	BOS@CWS 07/08/2026 07:40PM ET	CWS	9.09
RP	Trevor Richards (43505319)	Trevor Richards	43505319	P	5500	BOS@CWS 07/08/2026 07:40PM ET	CWS	3.96
RP	Grant Taylor (43505320)	Grant Taylor	43505320	P	5500	BOS@CWS 07/08/2026 07:40PM ET	CWS	5.53
RP	Mike Vasil (43505321)	Mike Vasil	43505321	P	5500	BOS@CWS 07/08/2026 07:40PM ET	CWS	0
RP	Joe Rock (43505322)	Joe Rock	43505322	P	5500	BOS@CWS 07/08/2026 07:40PM ET	CWS	6.21
RP	Osvaldo Bido (43505323)	Osvaldo Bido	43505323	P	5500	BOS@CWS 07/08/2026 07:40PM ET	CWS	2.6
SP	Ryan Feltner (43504802)	Ryan Feltner	43504802	P	5500	COL@LAD 07/08/2026 10:10PM ET	COL	11.08
RP	Zach Agnos (43505324)	Zach Agnos	43505324	P	5500	COL@LAD 07/08/2026 10:10PM ET	COL	2.67
SP	Tomoyuki Sugano (43505325)	Tomoyuki Sugano	43505325	P	5500	COL@LAD 07/08/2026 10:10PM ET	COL	9.71
SP	Chase Dollander (43505328)	Chase Dollander	43505328	P	5500	COL@LAD 07/08/2026 10:10PM ET	COL	13.1
SP	Antonio Senzatela (43505329)	Antonio Senzatela	43505329	P	5500	COL@LAD 07/08/2026 10:10PM ET	COL	5.5
SP	Pierson Ohl (43505330)	Pierson Ohl	43505330	P	5500	COL@LAD 07/08/2026 10:10PM ET	COL	0
SP	Sean Sullivan (43505331)	Sean Sullivan	43505331	P	5500	COL@LAD 07/08/2026 10:10PM ET	COL	1.89
SP	Kyle Freeland (43505332)	Kyle Freeland	43505332	P	5500	COL@LAD 07/08/2026 10:10PM ET	COL	6.72
SP	Michael Lorenzen (43505333)	Michael Lorenzen	43505333	P	5500	COL@LAD 07/08/2026 10:10PM ET	COL	6.28
RP	Tanner Gordon (43505334)	Tanner Gordon	43505334	P	5500	COL@LAD 07/08/2026 10:10PM ET	COL	7.24
RP	Jose Quintana (43505335)	Jose Quintana	43505335	P	5500	COL@LAD 07/08/2026 10:10PM ET	COL	6.05
SP	Coleman Crow (43505326)	Coleman Crow	43505326	P	5500	MIL@STL 07/08/2026 07:45PM ET	MIL	4.64
RP	DL Hall (43505327)	DL Hall	43505327	P	5500	MIL@STL 07/08/2026 07:45PM ET	MIL	4.02
C	Hunter Goodman (43504813)	Hunter Goodman	43504813	C	5400	COL@LAD 07/08/2026 10:10PM ET	COL	9.05
OF	Andy Pages (43504814)	Andy Pages	43504814	OF	5400	COL@LAD 07/08/2026 10:10PM ET	LAD	8.60
SP	Tekoah Roby (43505336)	Tekoah Roby	43505336	P	5400	MIL@STL 07/08/2026 07:45PM ET	STL	0
SP	Tink Hence (43505337)	Tink Hence	43505337	P	5400	MIL@STL 07/08/2026 07:45PM ET	STL	0
SP	Brycen Mautz (43505338)	Brycen Mautz	43505338	P	5400	MIL@STL 07/08/2026 07:45PM ET	STL	3.15
SP	Richard Fitts (43505339)	Richard Fitts	43505339	P	5400	MIL@STL 07/08/2026 07:45PM ET	STL	0
3B	Jose Ramirez (43505042)	Jose Ramirez	43505042	3B	5300	CLE@MIN 07/08/2026 07:40PM ET	CLE	9.06
OF	Jackson Chourio (43504815)	Jackson Chourio	43504815	OF	5300	MIL@STL 07/08/2026 07:45PM ET	MIL	9.65
RP	Daniel Lynch IV (43505340)	Daniel Lynch IV	43505340	P	5300	KC@NYM 07/08/2026 07:10PM ET	KC	2.98
RP	Mitch Spence (43505341)	Mitch Spence	43505341	P	5300	KC@NYM 07/08/2026 07:10PM ET	KC	-9.27
RP	Luinder Avila (43505342)	Luinder Avila	43505342	P	5300	KC@NYM 07/08/2026 07:10PM ET	KC	6.97
RP	Mason Black (43505343)	Mason Black	43505343	P	5300	KC@NYM 07/08/2026 07:10PM ET	KC	3.10
3B	Max Muncy (43504816)	Max Muncy	43504816	3B	5200	COL@LAD 07/08/2026 10:10PM ET	LAD	7.56
2B	Brice Turang (43504817)	Brice Turang	43504817	2B	5200	MIL@STL 07/08/2026 07:45PM ET	MIL	9.45
SS	Trea Turner (43504818)	Trea Turner	43504818	SS	5100	PHI@CIN 07/08/2026 07:10PM ET	PHI	7.64
3B	Miguel Vargas (43504819)	Miguel Vargas	43504819	3B	5100	BOS@CWS 07/08/2026 07:40PM ET	CWS	9.29
RP	Moises Chace (43505344)	Moises Chace	43505344	P	5000	PHI@CIN 07/08/2026 07:10PM ET	PHI	0
SP	Lenny Torres (43505345)	Lenny Torres	43505345	P	5000	PHI@CIN 07/08/2026 07:10PM ET	PHI	0
SP	Alex McFarlane (43505346)	Alex McFarlane	43505346	P	5000	PHI@CIN 07/08/2026 07:10PM ET	PHI	0
SS	Mookie Betts (43504820)	Mookie Betts	43504820	SS	5000	COL@LAD 07/08/2026 10:10PM ET	LAD	7.59
OF	Jordan Walker (43504821)	Jordan Walker	43504821	OF	5000	MIL@STL 07/08/2026 07:45PM ET	STL	9.69
OF	Luis Robert Jr. (43505043)	Luis Robert Jr.	43505043	OF	5000	KC@NYM 07/08/2026 07:10PM ET	NYM	6.33
OF	Mickey Moniak (43504822)	Mickey Moniak	43504822	OF	4900	COL@LAD 07/08/2026 10:10PM ET	COL	8.21
OF	Fernando Tatis Jr. (43504823)	Fernando Tatis Jr.	43504823	OF	4900	ARI@SD 07/08/2026 10:10PM ET	SD	7.8
2B	Ketel Marte (43504824)	Ketel Marte	43504824	2B	4900	ARI@SD 07/08/2026 10:10PM ET	ARI	8.52
1B/3B	Sal Stewart (43504825)	Sal Stewart	43504825	1B/3B	4800	PHI@CIN 07/08/2026 07:10PM ET	CIN	8.7
1B	Munetaka Murakami (43505044)	Munetaka Murakami	43505044	1B	4800	BOS@CWS 07/08/2026 07:40PM ET	CWS	9.74
OF	Corbin Carroll (43504828)	Corbin Carroll	43504828	OF	4800	ARI@SD 07/08/2026 10:10PM ET	ARI	8.73
C	Carter Jensen (43504827)	Carter Jensen	43504827	C	4800	KC@NYM 07/08/2026 07:10PM ET	KC	6.95
SS	Corey Seager (43505046)	Corey Seager	43505046	SS	4700	LAA@TEX 07/08/2026 08:05PM ET	TEX	6.96
2B	Kody Clemens (43504831)	Kody Clemens	43504831	2B	4700	CLE@MIN 07/08/2026 07:40PM ET	MIN	7.86
C	Ryan Jeffers (43505045)	Ryan Jeffers	43505045	C	4700	CLE@MIN 07/08/2026 07:40PM ET	MIN	8.92
OF	Kyle Tucker (43504829)	Kyle Tucker	43504829	OF	4700	COL@LAD 07/08/2026 10:10PM ET	LAD	7.51
OF	Christian Yelich (43504830)	Christian Yelich	43504830	OF	4700	MIL@STL 07/08/2026 07:45PM ET	MIL	8.03
SS	Zach Neto (43504834)	Zach Neto	43504834	SS	4600	LAA@TEX 07/08/2026 08:05PM ET	LAA	8.81
OF	Brandon Marsh (43504835)	Brandon Marsh	43504835	OF	4600	PHI@CIN 07/08/2026 07:10PM ET	PHI	8.13
1B/OF	Jake Bauers (43504832)	Jake Bauers	43504832	1B/OF	4600	MIL@STL 07/08/2026 07:45PM ET	MIL	8.5
OF	Wilyer Abreu (43504839)	Wilyer Abreu	43504839	OF	4500	BOS@CWS 07/08/2026 07:40PM ET	BOS	7.54
SS	Colson Montgomery (43504840)	Colson Montgomery	43504840	SS	4500	BOS@CWS 07/08/2026 07:40PM ET	CWS	7.90
2B	JJ Wetherholt (43504838)	JJ Wetherholt	43504838	2B	4500	MIL@STL 07/08/2026 07:45PM ET	STL	8.22
1B/OF	Jac Caglianone (43504836)	Jac Caglianone	43504836	1B/OF	4500	KC@NYM 07/08/2026 07:10PM ET	KC	6.89
3B	Bo Bichette (43504841)	Bo Bichette	43504841	3B	4500	KC@NYM 07/08/2026 07:10PM ET	NYM	7
OF	Roman Anthony (43505047)	Roman Anthony	43505047	OF	4400	BOS@CWS 07/08/2026 07:40PM ET	BOS	6.1
OF	Teoscar Hernandez (43504842)	Teoscar Hernandez	43504842	OF	4400	COL@LAD 07/08/2026 10:10PM ET	LAD	7.42
C	William Contreras (43504843)	William Contreras	43504843	C	4400	MIL@STL 07/08/2026 07:45PM ET	MIL	7.59
3B	Manny Machado (43504844)	Manny Machado	43504844	3B	4400	ARI@SD 07/08/2026 10:10PM ET	SD	7.07
1B/OF	Spencer Steer (43504845)	Spencer Steer	43504845	1B/OF	4300	PHI@CIN 07/08/2026 07:10PM ET	CIN	6.91
OF	Ceddanne Rafaela (43504848)	Ceddanne Rafaela	43504848	OF	4300	BOS@CWS 07/08/2026 07:40PM ET	BOS	7.58
OF	Sam Antonacci (43504849)	Sam Antonacci	43504849	OF	4300	BOS@CWS 07/08/2026 07:40PM ET	CWS	7.90
2B	Travis Bazzana (43504847)	Travis Bazzana	43504847	2B	4300	CLE@MIN 07/08/2026 07:40PM ET	CLE	7.95
SS	Francisco Lindor (43504850)	Francisco Lindor	43504850	SS	4300	KC@NYM 07/08/2026 07:10PM ET	NYM	6.8
OF	Jarren Duran (43504853)	Jarren Duran	43504853	OF	4200	BOS@CWS 07/08/2026 07:40PM ET	BOS	7.44
OF	Trevor Larnach (43504856)	Trevor Larnach	43504856	OF	4200	CLE@MIN 07/08/2026 07:40PM ET	MIN	6.76
OF	Troy Johnston (43504851)	Troy Johnston	43504851	OF	4200	COL@LAD 07/08/2026 10:10PM ET	COL	6.53
2B/OF	Tommy Edman (43504854)	Tommy Edman	43504854	2B/OF	4200	COL@LAD 07/08/2026 10:10PM ET	LAD	7.22
OF	Jackson Merrill (43504852)	Jackson Merrill	43504852	OF	4200	ARI@SD 07/08/2026 10:10PM ET	SD	7.07
3B/SS	Maikel Garcia (43505048)	Maikel Garcia	43505048	3B/SS	4200	KC@NYM 07/08/2026 07:10PM ET	KC	6.84
3B	Josh Jung (43504857)	Josh Jung	43504857	3B	4100	LAA@TEX 07/08/2026 08:05PM ET	TEX	7.45
2B	Bryson Stott (43504860)	Bryson Stott	43504860	2B	4100	PHI@CIN 07/08/2026 07:10PM ET	PHI	7.07
OF	Jake McCarthy (43504858)	Jake McCarthy	43504858	OF	4100	COL@LAD 07/08/2026 10:10PM ET	COL	8.26
1B	Alec Burleson (43504859)	Alec Burleson	43504859	1B	4100	MIL@STL 07/08/2026 07:45PM ET	STL	8.16
1B	Jake Burger (43504866)	Jake Burger	43504866	1B	4000	LAA@TEX 07/08/2026 08:05PM ET	TEX	7.22
OF	Wyatt Langford (43505051)	Wyatt Langford	43505051	OF	4000	LAA@TEX 07/08/2026 08:05PM ET	TEX	8.88
RP	Tayler Saucedo (43505380)	Tayler Saucedo	43505380	P	4000	LAA@TEX 07/08/2026 08:05PM ET	LAA	1.98
RP	Luis Curvelo (43505394)	Luis Curvelo	43505394	P	4000	LAA@TEX 07/08/2026 08:05PM ET	TEX	0.39
RP	Ryan Zeferjahn (43505397)	Ryan Zeferjahn	43505397	P	4000	LAA@TEX 07/08/2026 08:05PM ET	LAA	4.23
RP	Jose Fermin (43505411)	Jose Fermin	43505411	P	4000	LAA@TEX 07/08/2026 08:05PM ET	LAA	3.40
RP	Chris Martin (43505419)	Chris Martin	43505419	P	4000	LAA@TEX 07/08/2026 08:05PM ET	TEX	0.95
RP	Jalen Beeks (43505421)	Jalen Beeks	43505421	P	4000	LAA@TEX 07/08/2026 08:05PM ET	TEX	2.24
RP	Samy Natera Jr. (43505428)	Samy Natera Jr.	43505428	P	4000	LAA@TEX 07/08/2026 08:05PM ET	LAA	3.71
RP	Tyler Alexander (43505436)	Tyler Alexander	43505436	P	4000	LAA@TEX 07/08/2026 08:05PM ET	TEX	2.74
RP	Jakob Junis (43505442)	Jakob Junis	43505442	P	4000	LAA@TEX 07/08/2026 08:05PM ET	TEX	2.97
RP	Ben Peoples (43505444)	Ben Peoples	43505444	P	4000	LAA@TEX 07/08/2026 08:05PM ET	TEX	5.3
RP	Robert Garcia (43505454)	Robert Garcia	43505454	P	4000	LAA@TEX 07/08/2026 08:05PM ET	TEX	1.87
RP	Kirby Yates (43505458)	Kirby Yates	43505458	P	4000	LAA@TEX 07/08/2026 08:05PM ET	LAA	3.47
RP	Brent Suter (43505461)	Brent Suter	43505461	P	4000	LAA@TEX 07/08/2026 08:05PM ET	LAA	3.45
RP	Peyton Gray (43505470)	Peyton Gray	43505470	P	4000	LAA@TEX 07/08/2026 08:05PM ET	TEX	4.74
RP	Hunter Strickland (43505471)	Hunter Strickland	43505471	P	4000	LAA@TEX 07/08/2026 08:05PM ET	LAA	0
RP	Gavin Collyer (43505472)	Gavin Collyer	43505472	P	4000	LAA@TEX 07/08/2026 08:05PM ET	TEX	2.68
RP	Robert Stephenson (43505479)	Robert Stephenson	43505479	P	4000	LAA@TEX 07/08/2026 08:05PM ET	LAA	0
RP	Cole Winn (43505489)	Cole Winn	43505489	P	4000	LAA@TEX 07/08/2026 08:05PM ET	TEX	2.28
RP	Angel Perdomo (43505497)	Angel Perdomo	43505497	P	4000	LAA@TEX 07/08/2026 08:05PM ET	LAA	0
RP	Sam Bachman (43505503)	Sam Bachman	43505503	P	4000	LAA@TEX 07/08/2026 08:05PM ET	LAA	3.03
RP	Carter Baumler (43505532)	Carter Baumler	43505532	P	4000	LAA@TEX 07/08/2026 08:05PM ET	TEX	3.54
RP	Robby Ahlstrom (43505543)	Robby Ahlstrom	43505543	P	4000	LAA@TEX 07/08/2026 08:05PM ET	TEX	1.63
RP	Brett Kerry (43505559)	Brett Kerry	43505559	P	4000	LAA@TEX 07/08/2026 08:05PM ET	LAA	6.6
RP	Ben Joyce (43505561)	Ben Joyce	43505561	P	4000	LAA@TEX 07/08/2026 08:05PM ET	LAA	0
OF	JJ Bleday (43504861)	JJ Bleday	43504861	OF	4000	PHI@CIN 07/08/2026 07:10PM ET	CIN	8.05
SP	Julian Aguiar (43505363)	Julian Aguiar	43505363	P	4000	PHI@CIN 07/08/2026 07:10PM ET	CIN	0
RP	Yunior Marte (43505376)	Yunior Marte	43505376	P	4000	PHI@CIN 07/08/2026 07:10PM ET	CIN	-8.25
RP	Caleb Ferguson (43505387)	Caleb Ferguson	43505387	P	4000	PHI@CIN 07/08/2026 07:10PM ET	CIN	3.08
RP	Lou Trivino (43505391)	Lou Trivino	43505391	P	4000	PHI@CIN 07/08/2026 07:10PM ET	PHI	-0.66
RP	Jose Alvarado (43505395)	Jose Alvarado	43505395	P	4000	PHI@CIN 07/08/2026 07:10PM ET	PHI	2.46
RP	Jonathan Bowlan (43505400)	Jonathan Bowlan	43505400	P	4000	PHI@CIN 07/08/2026 07:10PM ET	PHI	3.42
RP	Jhoan Duran (43505412)	Jhoan Duran	43505412	P	4000	PHI@CIN 07/08/2026 07:10PM ET	PHI	4.42
RP	Emilio Pagan (43505413)	Emilio Pagan	43505413	P	4000	PHI@CIN 07/08/2026 07:10PM ET	CIN	1.85
RP	Pierce Johnson (43505414)	Pierce Johnson	43505414	P	4000	PHI@CIN 07/08/2026 07:10PM ET	CIN	2.49
RP	Chase Shugart (43505415)	Chase Shugart	43505415	P	4000	PHI@CIN 07/08/2026 07:10PM ET	PHI	3.23
RP	Brad Keller (43505429)	Brad Keller	43505429	P	4000	PHI@CIN 07/08/2026 07:10PM ET	PHI	2.72
RP	Zach McCambley (43505433)	Zach McCambley	43505433	P	4000	PHI@CIN 07/08/2026 07:10PM ET	CIN	1.14
RP	Kyle Backhus (43505440)	Kyle Backhus	43505440	P	4000	PHI@CIN 07/08/2026 07:10PM ET	PHI	1.94
RP	Grant Holman (43505480)	Grant Holman	43505480	P	4000	PHI@CIN 07/08/2026 07:10PM ET	PHI	0
RP	Nolan Hoffman (43505485)	Nolan Hoffman	43505485	P	4000	PHI@CIN 07/08/2026 07:10PM ET	PHI	1.7
RP	Andrew Chafin (43505494)	Andrew Chafin	43505494	P	4000	PHI@CIN 07/08/2026 07:10PM ET	CIN	0
RP	Julian Garcia (43505496)	Julian Garcia	43505496	P	4000	PHI@CIN 07/08/2026 07:10PM ET	CIN	5.03
RP	Luis Mey (43505508)	Luis Mey	43505508	P	4000	PHI@CIN 07/08/2026 07:10PM ET	CIN	3.07
RP	Max Lazar (43505509)	Max Lazar	43505509	P	4000	PHI@CIN 07/08/2026 07:10PM ET	PHI	3.73
RP	Tanner Banks (43505513)	Tanner Banks	43505513	P	4000	PHI@CIN 07/08/2026 07:10PM ET	PHI	2.15
RP	Tejay Antone (43505526)	Tejay Antone	43505526	P	4000	PHI@CIN 07/08/2026 07:10PM ET	CIN	3.11
RP	Graham Ashcraft (43505528)	Graham Ashcraft	43505528	P	4000	PHI@CIN 07/08/2026 07:10PM ET	CIN	3.42
RP	Brock Burke (43505530)	Brock Burke	43505530	P	4000	PHI@CIN 07/08/2026 07:10PM ET	CIN	2.65
RP	Tim Mayza (43505534)	Tim Mayza	43505534	P	4000	PHI@CIN 07/08/2026 07:10PM ET	PHI	3.67
RP	Zach Maxwell (43505540)	Zach Maxwell	43505540	P	4000	PHI@CIN 07/08/2026 07:10PM ET	CIN	0.41
RP	Orion Kerkering (43505547)	Orion Kerkering	43505547	P	4000	PHI@CIN 07/08/2026 07:10PM ET	PHI	3.74
RP	Sam Moll (43505560)	Sam Moll	43505560	P	4000	PHI@CIN 07/08/2026 07:10PM ET	CIN	2.48
SP	Tanner McDougal (43505347)	Tanner McDougal	43505347	P	4000	BOS@CWS 07/08/2026 07:40PM ET	CWS	0
RP	Prelander Berroa (43505364)	Prelander Berroa	43505364	P	4000	BOS@CWS 07/08/2026 07:40PM ET	CWS	0
SP	Ky Bush (43505375)	Ky Bush	43505375	P	4000	BOS@CWS 07/08/2026 07:40PM ET	CWS	0
SP	Drew Thorpe (43505377)	Drew Thorpe	43505377	P	4000	BOS@CWS 07/08/2026 07:40PM ET	CWS	0
RP	Brandon Eisert (43505385)	Brandon Eisert	43505385	P	4000	BOS@CWS 07/08/2026 07:40PM ET	CWS	3.08
RP	Tyron Guerrero (43505393)	Tyron Guerrero	43505393	P	4000	BOS@CWS 07/08/2026 07:40PM ET	BOS	3.57
RP	Duncan Davitt (43505407)	Duncan Davitt	43505407	P	4000	BOS@CWS 07/08/2026 07:40PM ET	CWS	1.65
RP	Danny Coulombe (43505422)	Danny Coulombe	43505422	P	4000	BOS@CWS 07/08/2026 07:40PM ET	BOS	0.87
RP	Bryan Hudson (43505425)	Bryan Hudson	43505425	P	4000	BOS@CWS 07/08/2026 07:40PM ET	CWS	3.02
RP	Jordan Leasure (43505427)	Jordan Leasure	43505427	P	4000	BOS@CWS 07/08/2026 07:40PM ET	CWS	2.57
RP	Sean Newcomb (43505432)	Sean Newcomb	43505432	P	4000	BOS@CWS 07/08/2026 07:40PM ET	CWS	4.52
RP	Tyler Schweitzer (43505443)	Tyler Schweitzer	43505443	P	4000	BOS@CWS 07/08/2026 07:40PM ET	CWS	2.16
RP	Tyler Gilbert (43505446)	Tyler Gilbert	43505446	P	4000	BOS@CWS 07/08/2026 07:40PM ET	CWS	-1.59
RP	Alec Gamboa (43505465)	Alec Gamboa	43505465	P	4000	BOS@CWS 07/08/2026 07:40PM ET	BOS	2.76
RP	Tyler Uberstine (43505467)	Tyler Uberstine	43505467	P	4000	BOS@CWS 07/08/2026 07:40PM ET	BOS	5.6
RP	Tyler Davis (43505468)	Tyler Davis	43505468	P	4000	BOS@CWS 07/08/2026 07:40PM ET	CWS	2.69
RP	Jovani Moran (43505469)	Jovani Moran	43505469	P	4000	BOS@CWS 07/08/2026 07:40PM ET	BOS	5.37
RP	Zack Kelly (43505475)	Zack Kelly	43505475	P	4000	BOS@CWS 07/08/2026 07:40PM ET	BOS	2.21
RP	Chris Murphy (43505483)	Chris Murphy	43505483	P	4000	BOS@CWS 07/08/2026 07:40PM ET	CWS	2.61
RP	Garrett Whitlock (43505495)	Garrett Whitlock	43505495	P	4000	BOS@CWS 07/08/2026 07:40PM ET	BOS	3.81
RP	Jordan Hicks (43505515)	Jordan Hicks	43505515	P	4000	BOS@CWS 07/08/2026 07:40PM ET	CWS	2.10
RP	Ryan Watson (43505517)	Ryan Watson	43505517	P	4000	BOS@CWS 07/08/2026 07:40PM ET	BOS	3.18
RP	Greg Weissert (43505519)	Greg Weissert	43505519	P	4000	BOS@CWS 07/08/2026 07:40PM ET	BOS	2.54
RP	Tyler Samaniego (43505520)	Tyler Samaniego	43505520	P	4000	BOS@CWS 07/08/2026 07:40PM ET	BOS	2.43
RP	Joe La Sorsa (43505531)	Joe La Sorsa	43505531	P	4000	BOS@CWS 07/08/2026 07:40PM ET	BOS	0.15
RP	Justin Slaten (43505549)	Justin Slaten	43505549	P	4000	BOS@CWS 07/08/2026 07:40PM ET	BOS	2.45
RP	Seranthony Dominguez (43505550)	Seranthony Dominguez	43505550	P	4000	BOS@CWS 07/08/2026 07:40PM ET	CWS	2.88
RP	Wikelman Gonzalez (43505569)	Wikelman Gonzalez	43505569	P	4000	BOS@CWS 07/08/2026 07:40PM ET	CWS	0
RP	Aroldis Chapman (43505572)	Aroldis Chapman	43505572	P	4000	BOS@CWS 07/08/2026 07:40PM ET	BOS	3.39
SP	Austin Peterson (43505356)	Austin Peterson	43505356	P	4000	CLE@MIN 07/08/2026 07:40PM ET	CLE	0
RP	Woo Suk Go (43505358)	Woo Suk Go	43505358	P	4000	CLE@MIN 07/08/2026 07:40PM ET	MIN	0
RP	Drew Smith (43505365)	Drew Smith	43505365	P	4000	CLE@MIN 07/08/2026 07:40PM ET	MIN	0
RP	Pedro Avila (43505368)	Pedro Avila	43505368	P	4000	CLE@MIN 07/08/2026 07:40PM ET	CLE	0
RP	Yorman Gomez (43505374)	Yorman Gomez	43505374	P	4000	CLE@MIN 07/08/2026 07:40PM ET	CLE	0
RP	Erik Sabrowski (43505382)	Erik Sabrowski	43505382	P	4000	CLE@MIN 07/08/2026 07:40PM ET	CLE	3.93
RP	Andrew Walters (43505386)	Andrew Walters	43505386	P	4000	CLE@MIN 07/08/2026 07:40PM ET	CLE	0
RP	Hunter Gaddis (43505398)	Hunter Gaddis	43505398	P	4000	CLE@MIN 07/08/2026 07:40PM ET	CLE	2.31
RP	Taylor Rogers (43505399)	Taylor Rogers	43505399	P	4000	CLE@MIN 07/08/2026 07:40PM ET	MIN	1.83
RP	Eric Orze (43505409)	Eric Orze	43505409	P	4000	CLE@MIN 07/08/2026 07:40PM ET	MIN	2.41
RP	Matt Festa (43505426)	Matt Festa	43505426	P	4000	CLE@MIN 07/08/2026 07:40PM ET	CLE	2.67
RP	Colin Holderman (43505450)	Colin Holderman	43505450	P	4000	CLE@MIN 07/08/2026 07:40PM ET	CLE	4.11
RP	Travis Adams (43505459)	Travis Adams	43505459	P	4000	CLE@MIN 07/08/2026 07:40PM ET	MIN	3.68
RP	Kody Funderburk (43505462)	Kody Funderburk	43505462	P	4000	CLE@MIN 07/08/2026 07:40PM ET	MIN	1.55
RP	John Klein (43505473)	John Klein	43505473	P	4000	CLE@MIN 07/08/2026 07:40PM ET	MIN	1.85
RP	Cade Smith (43505477)	Cade Smith	43505477	P	4000	CLE@MIN 07/08/2026 07:40PM ET	CLE	4.17
RP	Tim Herrin (43505491)	Tim Herrin	43505491	P	4000	CLE@MIN 07/08/2026 07:40PM ET	CLE	1.99
RP	Taylor Rashi (43505521)	Taylor Rashi	43505521	P	4000	CLE@MIN 07/08/2026 07:40PM ET	MIN	3.28
RP	Garrett Acton (43505527)	Garrett Acton	43505527	P	4000	CLE@MIN 07/08/2026 07:40PM ET	MIN	7.05
RP	Shawn Armstrong (43505529)	Shawn Armstrong	43505529	P	4000	CLE@MIN 07/08/2026 07:40PM ET	CLE	2.46
RP	Cody Laweryson (43505554)	Cody Laweryson	43505554	P	4000	CLE@MIN 07/08/2026 07:40PM ET	MIN	2.97
RP	Cole Sands (43505556)	Cole Sands	43505556	P	4000	CLE@MIN 07/08/2026 07:40PM ET	MIN	2.55
RP	Codi Heuer (43505557)	Codi Heuer	43505557	P	4000	CLE@MIN 07/08/2026 07:40PM ET	CLE	1.49
RP	Franco Aleman (43505562)	Franco Aleman	43505562	P	4000	CLE@MIN 07/08/2026 07:40PM ET	CLE	2.78
RP	Will Dion (43505563)	Will Dion	43505563	P	4000	CLE@MIN 07/08/2026 07:40PM ET	CLE	4.05
RP	Anthony Banda (43505567)	Anthony Banda	43505567	P	4000	CLE@MIN 07/08/2026 07:40PM ET	MIN	2.18
RP	Andrew Morris (43505573)	Andrew Morris	43505573	P	4000	CLE@MIN 07/08/2026 07:40PM ET	MIN	3.87
RP	Justin Topa (43505578)	Justin Topa	43505578	P	4000	CLE@MIN 07/08/2026 07:40PM ET	MIN	0.41
2B/SS	Willi Castro (43504862)	Willi Castro	43504862	2B/SS	4000	COL@LAD 07/08/2026 10:10PM ET	COL	6.80
C	Dalton Rushing (43504864)	Dalton Rushing	43504864	C	4000	COL@LAD 07/08/2026 10:10PM ET	LAD	6.76
C	Will Smith (43505052)	Will Smith	43505052	C	4000	COL@LAD 07/08/2026 10:10PM ET	LAD	6.21
RP	Jake Cousins (43505351)	Jake Cousins	43505351	P	4000	COL@LAD 07/08/2026 10:10PM ET	LAD	0
RP	Eiberson Castellano (43505352)	Eiberson Castellano	43505352	P	4000	COL@LAD 07/08/2026 10:10PM ET	COL	7.75
RP	RJ Petit (43505353)	RJ Petit	43505353	P	4000	COL@LAD 07/08/2026 10:10PM ET	COL	0
RP	Jefry Yan (43505355)	Jefry Yan	43505355	P	4000	COL@LAD 07/08/2026 10:10PM ET	COL	0
RP	Brusdar Graterol (43505362)	Brusdar Graterol	43505362	P	4000	COL@LAD 07/08/2026 10:10PM ET	LAD	0
SP	Nick Frasso (43505372)	Nick Frasso	43505372	P	4000	COL@LAD 07/08/2026 10:10PM ET	LAD	0
RP	Ronan Kopp (43505373)	Ronan Kopp	43505373	P	4000	COL@LAD 07/08/2026 10:10PM ET	LAD	0
RP	Blas Castano (43505378)	Blas Castano	43505378	P	4000	COL@LAD 07/08/2026 10:10PM ET	COL	4.85
SP	McCade Brown (43505379)	McCade Brown	43505379	P	4000	COL@LAD 07/08/2026 10:10PM ET	COL	0
RP	Jordan Weems (43505381)	Jordan Weems	43505381	P	4000	COL@LAD 07/08/2026 10:10PM ET	LAD	0
RP	Jimmy Herget (43505383)	Jimmy Herget	43505383	P	4000	COL@LAD 07/08/2026 10:10PM ET	COL	2.72
RP	Welinton Herrera (43505390)	Welinton Herrera	43505390	P	4000	COL@LAD 07/08/2026 10:10PM ET	COL	2.48
RP	Will Klein (43505396)	Will Klein	43505396	P	4000	COL@LAD 07/08/2026 10:10PM ET	LAD	4.05
RP	Seth Halvorsen (43505402)	Seth Halvorsen	43505402	P	4000	COL@LAD 07/08/2026 10:10PM ET	COL	1.64
RP	Ben Casparius (43505408)	Ben Casparius	43505408	P	4000	COL@LAD 07/08/2026 10:10PM ET	LAD	0.5
RP	Jordan Romano (43505416)	Jordan Romano	43505416	P	4000	COL@LAD 07/08/2026 10:10PM ET	COL	1.97
RP	Edgardo Henriquez (43505430)	Edgardo Henriquez	43505430	P	4000	COL@LAD 07/08/2026 10:10PM ET	LAD	3.62
RP	Gabriel Hughes (43505452)	Gabriel Hughes	43505452	P	4000	COL@LAD 07/08/2026 10:10PM ET	COL	6.95
RP	Juan Mejia (43505453)	Juan Mejia	43505453	P	4000	COL@LAD 07/08/2026 10:10PM ET	COL	2.59
RP	Jeff Criswell (43505456)	Jeff Criswell	43505456	P	4000	COL@LAD 07/08/2026 10:10PM ET	COL	3.35
RP	Alex Vesia (43505474)	Alex Vesia	43505474	P	4000	COL@LAD 07/08/2026 10:10PM ET	LAD	2.94
RP	Jake Eder (43505481)	Jake Eder	43505481	P	4000	COL@LAD 07/08/2026 10:10PM ET	LAD	2.65
RP	Carlos Duran (43505488)	Carlos Duran	43505488	P	4000	COL@LAD 07/08/2026 10:10PM ET	LAD	0
RP	Brock Stewart (43505490)	Brock Stewart	43505490	P	4000	COL@LAD 07/08/2026 10:10PM ET	LAD	3.13
RP	Evan Phillips (43505499)	Evan Phillips	43505499	P	4000	COL@LAD 07/08/2026 10:10PM ET	LAD	5.65
RP	Brennan Bernardino (43505504)	Brennan Bernardino	43505504	P	4000	COL@LAD 07/08/2026 10:10PM ET	COL	2.09
RP	Victor Vodnik (43505510)	Victor Vodnik	43505510	P	4000	COL@LAD 07/08/2026 10:10PM ET	COL	1.78
RP	Charlie Barnes (43505512)	Charlie Barnes	43505512	P	4000	COL@LAD 07/08/2026 10:10PM ET	LAD	0.15
RP	Edwin Diaz (43505522)	Edwin Diaz	43505522	P	4000	COL@LAD 07/08/2026 10:10PM ET	LAD	2.07
RP	TJ Shook (43505524)	TJ Shook	43505524	P	4000	COL@LAD 07/08/2026 10:10PM ET	COL	2.62
RP	Tanner Scott (43505539)	Tanner Scott	43505539	P	4000	COL@LAD 07/08/2026 10:10PM ET	LAD	3.59
RP	Wyatt Mills (43505541)	Wyatt Mills	43505541	P	4000	COL@LAD 07/08/2026 10:10PM ET	LAD	1.03
RP	Jack Dreyer (43505544)	Jack Dreyer	43505544	P	4000	COL@LAD 07/08/2026 10:10PM ET	LAD	3.60
RP	Paul Gervase (43505564)	Paul Gervase	43505564	P	4000	COL@LAD 07/08/2026 10:10PM ET	LAD	5.51
RP	Kyle Hurt (43505565)	Kyle Hurt	43505565	P	4000	COL@LAD 07/08/2026 10:10PM ET	LAD	3.17
RP	Jaden Hill (43505575)	Jaden Hill	43505575	P	4000	COL@LAD 07/08/2026 10:10PM ET	COL	1.81
RP	Blake Treinen (43505579)	Blake Treinen	43505579	P	4000	COL@LAD 07/08/2026 10:10PM ET	LAD	2.78
RP	Cooper Hjerpe (43505359)	Cooper Hjerpe	43505359	P	4000	MIL@STL 07/08/2026 07:45PM ET	STL	0
RP	Craig Yoho (43505389)	Craig Yoho	43505389	P	4000	MIL@STL 07/08/2026 07:45PM ET	MIL	4.24
RP	Abner Uribe (43505406)	Abner Uribe	43505406	P	4000	MIL@STL 07/08/2026 07:45PM ET	MIL	3.36
RP	Ryne Stanek (43505418)	Ryne Stanek	43505418	P	4000	MIL@STL 07/08/2026 07:45PM ET	STL	2.4
RP	Trevor Megill (43505420)	Trevor Megill	43505420	P	4000	MIL@STL 07/08/2026 07:45PM ET	MIL	3.66
RP	Matt Svanson (43505423)	Matt Svanson	43505423	P	4000	MIL@STL 07/08/2026 07:45PM ET	STL	2.21
RP	Jared Koenig (43505424)	Jared Koenig	43505424	P	4000	MIL@STL 07/08/2026 07:45PM ET	MIL	2.64
RP	Justin Bruihl (43505431)	Justin Bruihl	43505431	P	4000	MIL@STL 07/08/2026 07:45PM ET	STL	2.08
RP	Ryan Fernandez (43505434)	Ryan Fernandez	43505434	P	4000	MIL@STL 07/08/2026 07:45PM ET	STL	5.02
RP	Garrett Stallings (43505437)	Garrett Stallings	43505437	P	4000	MIL@STL 07/08/2026 07:45PM ET	MIL	3.05
RP	Brian Fitzpatrick (43505448)	Brian Fitzpatrick	43505448	P	4000	MIL@STL 07/08/2026 07:45PM ET	MIL	3.4
SP	Riley O'Brien (43505484)	Riley O'Brien	43505484	P	4000	MIL@STL 07/08/2026 07:45PM ET	STL	2.92
RP	George Soriano (43505486)	George Soriano	43505486	P	4000	MIL@STL 07/08/2026 07:45PM ET	STL	2.76
RP	Gordon Graceffo (43505492)	Gordon Graceffo	43505492	P	4000	MIL@STL 07/08/2026 07:45PM ET	STL	2.74
RP	Aaron Ashby (43505500)	Aaron Ashby	43505500	P	4000	MIL@STL 07/08/2026 07:45PM ET	MIL	5.21
RP	Grant Anderson (43505502)	Grant Anderson	43505502	P	4000	MIL@STL 07/08/2026 07:45PM ET	MIL	2.86
RP	Drew Rom (43505514)	Drew Rom	43505514	P	4000	MIL@STL 07/08/2026 07:45PM ET	MIL	5.75
RP	Easton McGee (43505546)	Easton McGee	43505546	P	4000	MIL@STL 07/08/2026 07:45PM ET	MIL	2.65
RP	JoJo Romero (43505552)	JoJo Romero	43505552	P	4000	MIL@STL 07/08/2026 07:45PM ET	STL	2.55
RP	Angel Zerpa (43505558)	Angel Zerpa	43505558	P	4000	MIL@STL 07/08/2026 07:45PM ET	MIL	1.11
RP	Joel Kuhnel (43505571)	Joel Kuhnel	43505571	P	4000	MIL@STL 07/08/2026 07:45PM ET	MIL	1.63
RP	Carlos Rodriguez (43505574)	Carlos Rodriguez	43505574	P	4000	MIL@STL 07/08/2026 07:45PM ET	MIL	5.15
RP	Max Rajcic (43505576)	Max Rajcic	43505576	P	4000	MIL@STL 07/08/2026 07:45PM ET	STL	3.18
RP	Rob Zastryzny (43505577)	Rob Zastryzny	43505577	P	4000	MIL@STL 07/08/2026 07:45PM ET	MIL	0
RP	Garrett Hawkins (43505349)	Garrett Hawkins	43505349	P	4000	ARI@SD 07/08/2026 10:10PM ET	SD	0
SP	Miguel Mendez (43505357)	Miguel Mendez	43505357	P	4000	ARI@SD 07/08/2026 10:10PM ET	SD	0
RP	Blake Walston (43505366)	Blake Walston	43505366	P	4000	ARI@SD 07/08/2026 10:10PM ET	ARI	0
RP	Wandy Peralta (43505384)	Wandy Peralta	43505384	P	4000	ARI@SD 07/08/2026 10:10PM ET	SD	2.71
RP	Philip Abner (43505388)	Philip Abner	43505388	P	4000	ARI@SD 07/08/2026 10:10PM ET	ARI	0.55
RP	Drey Jameson (43505401)	Drey Jameson	43505401	P	4000	ARI@SD 07/08/2026 10:10PM ET	ARI	3.36
RP	Brandyn Garcia (43505403)	Brandyn Garcia	43505403	P	4000	ARI@SD 07/08/2026 10:10PM ET	ARI	2.78
RP	David Morgan (43505417)	David Morgan	43505417	P	4000	ARI@SD 07/08/2026 10:10PM ET	SD	3.46
RP	Juan Morillo (43505435)	Juan Morillo	43505435	P	4000	ARI@SD 07/08/2026 10:10PM ET	ARI	3.38
RP	Kevin Ginkel (43505439)	Kevin Ginkel	43505439	P	4000	ARI@SD 07/08/2026 10:10PM ET	ARI	3.11
RP	Jason Adam (43505449)	Jason Adam	43505449	P	4000	ARI@SD 07/08/2026 10:10PM ET	SD	2.30
RP	Ryan Thompson (43505451)	Ryan Thompson	43505451	P	4000	ARI@SD 07/08/2026 10:10PM ET	ARI	2.47
RP	Bradgley Rodriguez (43505457)	Bradgley Rodriguez	43505457	P	4000	ARI@SD 07/08/2026 10:10PM ET	SD	3.27
RP	John Curtiss (43505466)	John Curtiss	43505466	P	4000	ARI@SD 07/08/2026 10:10PM ET	ARI	0
RP	Alek Jacob (43505482)	Alek Jacob	43505482	P	4000	ARI@SD 07/08/2026 10:10PM ET	SD	5.48
RP	Kade Strowd (43505498)	Kade Strowd	43505498	P	4000	ARI@SD 07/08/2026 10:10PM ET	ARI	-0.15
RP	Justin Martinez (43505501)	Justin Martinez	43505501	P	4000	ARI@SD 07/08/2026 10:10PM ET	ARI	0
RP	Adrian Morejon (43505505)	Adrian Morejon	43505505	P	4000	ARI@SD 07/08/2026 10:10PM ET	SD	4.09
RP	Jonathan Loaisiga (43505506)	Jonathan Loaisiga	43505506	P	4000	ARI@SD 07/08/2026 10:10PM ET	ARI	2.40
RP	Paul Sewald (43505507)	Paul Sewald	43505507	P	4000	ARI@SD 07/08/2026 10:10PM ET	ARI	2.84
RP	Mason Miller (43505511)	Mason Miller	43505511	P	4000	ARI@SD 07/08/2026 10:10PM ET	SD	5.67
RP	Bryan Hoeing (43505516)	Bryan Hoeing	43505516	P	4000	ARI@SD 07/08/2026 10:10PM ET	SD	0
RP	Jeremiah Estrada (43505523)	Jeremiah Estrada	43505523	P	4000	ARI@SD 07/08/2026 10:10PM ET	SD	3.37
RP	Juan Burgos (43505525)	Juan Burgos	43505525	P	4000	ARI@SD 07/08/2026 10:10PM ET	ARI	-0.2
RP	Andrew Hoffmann (43505536)	Andrew Hoffmann	43505536	P	4000	ARI@SD 07/08/2026 10:10PM ET	ARI	2.08
RP	Ron Marinaccio (43505538)	Ron Marinaccio	43505538	P	4000	ARI@SD 07/08/2026 10:10PM ET	SD	3.14
RP	A.J. Puk (43505542)	A.J. Puk	43505542	P	4000	ARI@SD 07/08/2026 10:10PM ET	ARI	0
RP	Yuki Matsui (43505545)	Yuki Matsui	43505545	P	4000	ARI@SD 07/08/2026 10:10PM ET	SD	4.43
RP	Andrew Saalfrank (43505548)	Andrew Saalfrank	43505548	P	4000	ARI@SD 07/08/2026 10:10PM ET	ARI	0
RP	Taylor Clarke (43505568)	Taylor Clarke	43505568	P	4000	ARI@SD 07/08/2026 10:10PM ET	ARI	2.50
OF	Carson Benge (43504865)	Carson Benge	43504865	OF	4000	KC@NYM 07/08/2026 07:10PM ET	NYM	7.47
1B	Vinnie Pasquantino (43505050)	Vinnie Pasquantino	43505050	1B	4000	KC@NYM 07/08/2026 07:10PM ET	KC	6.53
RP	James McArthur (43505348)	James McArthur	43505348	P	4000	KC@NYM 07/08/2026 07:10PM ET	KC	0
RP	Anderson Severino (43505350)	Anderson Severino	43505350	P	4000	KC@NYM 07/08/2026 07:10PM ET	NYM	0
RP	Adbert Alzolay (43505354)	Adbert Alzolay	43505354	P	4000	KC@NYM 07/08/2026 07:10PM ET	NYM	0
SP	Ben Kudrna (43505360)	Ben Kudrna	43505360	P	4000	KC@NYM 07/08/2026 07:10PM ET	KC	0
RP	Dylan Ross (43505361)	Dylan Ross	43505361	P	4000	KC@NYM 07/08/2026 07:10PM ET	NYM	0
SP	Alec Marsh (43505367)	Alec Marsh	43505367	P	4000	KC@NYM 07/08/2026 07:10PM ET	KC	0
SP	Steven Zobac (43505369)	Steven Zobac	43505369	P	4000	KC@NYM 07/08/2026 07:10PM ET	KC	0
RP	Guillo Zuniga (43505370)	Guillo Zuniga	43505370	P	4000	KC@NYM 07/08/2026 07:10PM ET	NYM	3.65
RP	Aaron Sanchez (43505371)	Aaron Sanchez	43505371	P	4000	KC@NYM 07/08/2026 07:10PM ET	KC	0
RP	Huascar Brazoban (43505392)	Huascar Brazoban	43505392	P	4000	KC@NYM 07/08/2026 07:10PM ET	NYM	3.74
RP	Jose Cuas (43505404)	Jose Cuas	43505404	P	4000	KC@NYM 07/08/2026 07:10PM ET	KC	5.42
RP	Carlos Estevez (43505405)	Carlos Estevez	43505405	P	4000	KC@NYM 07/08/2026 07:10PM ET	KC	-14.85
RP	A.J. Minter (43505410)	A.J. Minter	43505410	P	4000	KC@NYM 07/08/2026 07:10PM ET	NYM	3.66
RP	Connor Seabold (43505438)	Connor Seabold	43505438	P	4000	KC@NYM 07/08/2026 07:10PM ET	KC	2.08
RP	Steven Cruz (43505441)	Steven Cruz	43505441	P	4000	KC@NYM 07/08/2026 07:10PM ET	KC	3.43
RP	Brooks Raley (43505445)	Brooks Raley	43505445	P	4000	KC@NYM 07/08/2026 07:10PM ET	NYM	3.21
RP	Alex Lange (43505447)	Alex Lange	43505447	P	4000	KC@NYM 07/08/2026 07:10PM ET	KC	2.31
RP	Randy Dobnak (43505455)	Randy Dobnak	43505455	P	4000	KC@NYM 07/08/2026 07:10PM ET	KC	4.8
RP	Reed Garrett (43505460)	Reed Garrett	43505460	P	4000	KC@NYM 07/08/2026 07:10PM ET	NYM	0
RP	Cionel Perez (43505463)	Cionel Perez	43505463	P	4000	KC@NYM 07/08/2026 07:10PM ET	NYM	2.70
RP	Daniel Duarte (43505464)	Daniel Duarte	43505464	P	4000	KC@NYM 07/08/2026 07:10PM ET	NYM	5.35
RP	Alex Carrillo (43505476)	Alex Carrillo	43505476	P	4000	KC@NYM 07/08/2026 07:10PM ET	NYM	0
RP	Austin Warren (43505478)	Austin Warren	43505478	P	4000	KC@NYM 07/08/2026 07:10PM ET	NYM	3.38
RP	Lucas Erceg (43505487)	Lucas Erceg	43505487	P	4000	KC@NYM 07/08/2026 07:10PM ET	KC	1.78
RP	Matt Strahm (43505493)	Matt Strahm	43505493	P	4000	KC@NYM 07/08/2026 07:10PM ET	KC	1.86
RP	Joey Gerber (43505518)	Joey Gerber	43505518	P	4000	KC@NYM 07/08/2026 07:10PM ET	NYM	2.96
RP	Nick Mears (43505533)	Nick Mears	43505533	P	4000	KC@NYM 07/08/2026 07:10PM ET	KC	2.00
RP	Beck Way (43505535)	Beck Way	43505535	P	4000	KC@NYM 07/08/2026 07:10PM ET	KC	3.54
RP	Devin Williams (43505537)	Devin Williams	43505537	P	4000	KC@NYM 07/08/2026 07:10PM ET	NYM	3.13
RP	Jonathan Pintaro (43505551)	Jonathan Pintaro	43505551	P	4000	KC@NYM 07/08/2026 07:10PM ET	NYM	6.23
RP	John Schreiber (43505553)	John Schreiber	43505553	P	4000	KC@NYM 07/08/2026 07:10PM ET	KC	2.00
RP	Luke Weaver (43505555)	Luke Weaver	43505555	P	4000	KC@NYM 07/08/2026 07:10PM ET	NYM	3.94
RP	Eli Morgan (43505566)	Eli Morgan	43505566	P	4000	KC@NYM 07/08/2026 07:10PM ET	KC	2.09
RP	Dedniel Nunez (43505570)	Dedniel Nunez	43505570	P	4000	KC@NYM 07/08/2026 07:10PM ET	NYM	0
2B	Chase Meidroth (43504867)	Chase Meidroth	43504867	2B	3900	BOS@CWS 07/08/2026 07:40PM ET	CWS	6.60
1B	TJ Rumfield (43504868)	TJ Rumfield	43504868	1B	3900	COL@LAD 07/08/2026 10:10PM ET	COL	7.7
OF	Samad Taylor (43504869)	Samad Taylor	43504869	OF	3900	ARI@SD 07/08/2026 10:10PM ET	SD	7.88
C	Gabriel Moreno (43504870)	Gabriel Moreno	43504870	C	3900	ARI@SD 07/08/2026 10:10PM ET	ARI	7.17
3B	Eugenio Suarez (43504871)	Eugenio Suarez	43504871	3B	3800	PHI@CIN 07/08/2026 07:10PM ET	CIN	6.02
C	Kyle Teel (43504873)	Kyle Teel	43504873	C	3800	BOS@CWS 07/08/2026 07:40PM ET	CWS	7.08
OF	Tyler Freeman (43504874)	Tyler Freeman	43504874	OF	3800	COL@LAD 07/08/2026 10:10PM ET	COL	6.26
1B	Andrew Vaughn (43504877)	Andrew Vaughn	43504877	1B	3800	MIL@STL 07/08/2026 07:45PM ET	MIL	6.34
SS	Geraldo Perdomo (43504876)	Geraldo Perdomo	43504876	SS	3800	ARI@SD 07/08/2026 10:10PM ET	ARI	7.23
2B	Michael Massey (43504872)	Michael Massey	43504872	2B	3800	KC@NYM 07/08/2026 07:10PM ET	KC	5.52
OF	A.J. Ewing (43504875)	A.J. Ewing	43504875	OF	3800	KC@NYM 07/08/2026 07:10PM ET	NYM	7.5
3B	Brooks Lee (43504879)	Brooks Lee	43504879	3B	3700	CLE@MIN 07/08/2026 07:40PM ET	MIN	7.25
SS	Ezequiel Tovar (43504878)	Ezequiel Tovar	43504878	SS	3700	COL@LAD 07/08/2026 10:10PM ET	COL	5.32
OF	Cole Carrigg (43504883)	Cole Carrigg	43504883	OF	3700	COL@LAD 07/08/2026 10:10PM ET	COL	9.92
OF	Brenton Doyle (43505053)	Brenton Doyle	43505053	OF	3700	COL@LAD 07/08/2026 10:10PM ET	COL	4.67
C	Ivan Herrera (43504880)	Ivan Herrera	43504880	C	3700	MIL@STL 07/08/2026 07:45PM ET	STL	8.09
1B/OF	Gavin Sheets (43504881)	Gavin Sheets	43504881	1B/OF	3700	ARI@SD 07/08/2026 10:10PM ET	SD	6.45
OF/SS	Ezequiel Duran (43504884)	Ezequiel Duran	43504884	SS/OF	3600	LAA@TEX 07/08/2026 08:05PM ET	TEX	6.74
OF	Brandon Nimmo (43504888)	Brandon Nimmo	43504888	OF	3600	LAA@TEX 07/08/2026 08:05PM ET	TEX	6.8
1B	Royce Lewis (43504886)	Royce Lewis	43504886	1B	3600	CLE@MIN 07/08/2026 07:40PM ET	MIN	6.67
OF	Angel Martinez (43505056)	Angel Martinez	43505056	OF	3600	CLE@MIN 07/08/2026 07:40PM ET	CLE	6.92
C	Gary Sanchez (43504887)	Gary Sanchez	43504887	C	3600	MIL@STL 07/08/2026 07:45PM ET	MIL	6.29
2B/3B	Jorge Polanco (43505054)	Jorge Polanco	43505054	2B/3B	3600	KC@NYM 07/08/2026 07:10PM ET	NYM	4.93
OF	Jorge Soler (43504892)	Jorge Soler	43504892	OF	3500	LAA@TEX 07/08/2026 08:05PM ET	LAA	6.81
2B	Justin Foscue (43504895)	Justin Foscue	43504895	2B	3500	LAA@TEX 07/08/2026 08:05PM ET	TEX	5.34
1B	Nathaniel Lowe (43504889)	Nathaniel Lowe	43504889	1B	3500	PHI@CIN 07/08/2026 07:10PM ET	CIN	5.39
OF	Blake Dunn (43505057)	Blake Dunn	43505057	OF	3500	PHI@CIN 07/08/2026 07:10PM ET	CIN	6.87
OF	Andrew Benintendi (43504894)	Andrew Benintendi	43504894	OF	3500	BOS@CWS 07/08/2026 07:40PM ET	CWS	6.04
SS	Trevor Story (43505058)	Trevor Story	43505058	SS	3500	BOS@CWS 07/08/2026 07:40PM ET	BOS	5.98
C	Victor Caratini (43504896)	Victor Caratini	43504896	C	3500	CLE@MIN 07/08/2026 07:40PM ET	MIN	5.88
SS	Masyn Winn (43504893)	Masyn Winn	43504893	SS	3500	MIL@STL 07/08/2026 07:45PM ET	STL	6.58
1B/C	Salvador Perez (43504890)	Salvador Perez	43504890	C/1B	3500	KC@NYM 07/08/2026 07:10PM ET	KC	5.77
OF	Jo Adell (43504899)	Jo Adell	43504899	OF	3400	LAA@TEX 07/08/2026 08:05PM ET	LAA	6.69
3B	Denzer Guzman (43504903)	Denzer Guzman	43504903	3B	3400	LAA@TEX 07/08/2026 08:05PM ET	LAA	6.83
2B/OF	Luke Keaschall (43504901)	Luke Keaschall	43504901	2B/OF	3400	CLE@MIN 07/08/2026 07:40PM ET	MIN	6.64
C	Braxton Fulford (43504897)	Braxton Fulford	43504897	C	3400	COL@LAD 07/08/2026 10:10PM ET	COL	3.48
OF	Garrett Mitchell (43504900)	Garrett Mitchell	43504900	OF	3400	MIL@STL 07/08/2026 07:45PM ET	MIL	7.09
SS	Xander Bogaerts (43504898)	Xander Bogaerts	43504898	SS	3400	ARI@SD 07/08/2026 10:10PM ET	SD	6.38
C	J.T. Realmuto (43504904)	J.T. Realmuto	43504904	C	3300	PHI@CIN 07/08/2026 07:10PM ET	PHI	5.53
OF	Randal Grichuk (43504911)	Randal Grichuk	43504911	OF	3300	BOS@CWS 07/08/2026 07:40PM ET	CWS	4.75
1B/2B	Romy Gonzalez (43504912)	Romy Gonzalez	43504912	1B/2B	3300	BOS@CWS 07/08/2026 07:40PM ET	BOS	8.83
1B	Josh Bell (43504905)	Josh Bell	43504905	1B	3300	CLE@MIN 07/08/2026 07:40PM ET	MIN	7.36
SS	Brayan Rocchio (43504908)	Brayan Rocchio	43504908	SS	3300	CLE@MIN 07/08/2026 07:40PM ET	CLE	6.85
3B/OF	Kike Hernandez (43505059)	Kike Hernandez	43505059	3B/OF	3300	COL@LAD 07/08/2026 10:10PM ET	LAD	15.5
OF	Lars Nootbaar (43504907)	Lars Nootbaar	43504907	OF	3300	MIL@STL 07/08/2026 07:45PM ET	STL	6.44
3B	Nolan Arenado (43504910)	Nolan Arenado	43504910	3B	3300	ARI@SD 07/08/2026 10:10PM ET	ARI	6.33
OF	Lane Thomas (43504906)	Lane Thomas	43504906	OF	3300	KC@NYM 07/08/2026 07:10PM ET	KC	5.39
1B	Mark Vientos (43504909)	Mark Vientos	43504909	1B	3300	KC@NYM 07/08/2026 07:10PM ET	NYM	5.46
2B	Marcus Semien (43505061)	Marcus Semien	43505061	2B	3300	KC@NYM 07/08/2026 07:10PM ET	NYM	5.82
3B	Alec Bohm (43504915)	Alec Bohm	43504915	3B	3200	PHI@CIN 07/08/2026 07:10PM ET	PHI	6.13
OF	Masataka Yoshida (43504918)	Masataka Yoshida	43504918	OF	3200	BOS@CWS 07/08/2026 07:40PM ET	BOS	4.84
OF	Austin Martin (43504917)	Austin Martin	43504917	OF	3200	CLE@MIN 07/08/2026 07:40PM ET	MIN	5.41
OF	Chase DeLauter (43504920)	Chase DeLauter	43504920	OF	3200	CLE@MIN 07/08/2026 07:40PM ET	CLE	7.16
2B	Edouard Julien (43504916)	Edouard Julien	43504916	2B	3200	COL@LAD 07/08/2026 10:10PM ET	COL	4.84
1B	Blaine Crim (43505062)	Blaine Crim	43505062	1B	3200	COL@LAD 07/08/2026 10:10PM ET	COL	0
OF	Nelson Velazquez (43504919)	Nelson Velazquez	43504919	OF	3200	MIL@STL 07/08/2026 07:45PM ET	STL	6.09
SS	Cooper Pratt (43504921)	Cooper Pratt	43504921	SS	3200	MIL@STL 07/08/2026 07:45PM ET	MIL	6.4
C	Francisco Alvarez (43504914)	Francisco Alvarez	43504914	C	3200	KC@NYM 07/08/2026 07:10PM ET	NYM	5.63
1B	Joc Pederson (43504925)	Joc Pederson	43504925	1B	3100	LAA@TEX 07/08/2026 08:05PM ET	TEX	5.96
C	Tyler Stephenson (43504922)	Tyler Stephenson	43504922	C	3100	PHI@CIN 07/08/2026 07:10PM ET	CIN	5.10
2B/SS	Matt McLain (43504923)	Matt McLain	43504923	2B/SS	3100	PHI@CIN 07/08/2026 07:10PM ET	CIN	5.77
OF	Justin Crawford (43504926)	Justin Crawford	43504926	OF	3100	PHI@CIN 07/08/2026 07:10PM ET	PHI	5.02
3B	Caleb Durbin (43504928)	Caleb Durbin	43504928	3B	3100	BOS@CWS 07/08/2026 07:40PM ET	BOS	6.18
OF	Braden Montgomery (43504929)	Braden Montgomery	43504929	OF	3100	BOS@CWS 07/08/2026 07:40PM ET	CWS	6.33
OF	Everson Pereira (43505064)	Everson Pereira	43505064	OF	3100	BOS@CWS 07/08/2026 07:40PM ET	CWS	5.90
OF	Sal Frelick (43504930)	Sal Frelick	43504930	OF	3100	MIL@STL 07/08/2026 07:45PM ET	MIL	5.24
3B	Ramon Urias (43505065)	Ramon Urias	43505065	3B	3100	MIL@STL 07/08/2026 07:45PM ET	STL	3.8
1B	Ty France (43504927)	Ty France	43504927	1B	3100	ARI@SD 07/08/2026 10:10PM ET	SD	5.78
OF	John Rave (43505063)	John Rave	43505063	OF	3100	KC@NYM 07/08/2026 07:10PM ET	KC	4.67
2B	Oswald Peraza (43504932)	Oswald Peraza	43504932	2B	3000	LAA@TEX 07/08/2026 08:05PM ET	LAA	5.58
OF	Evan Carter (43504937)	Evan Carter	43504937	OF	3000	LAA@TEX 07/08/2026 08:05PM ET	TEX	5.67
1B	Nolan Schanuel (43504942)	Nolan Schanuel	43504942	1B	3000	LAA@TEX 07/08/2026 08:05PM ET	LAA	6.19
OF	Noelvi Marte (43504936)	Noelvi Marte	43504936	OF	3000	PHI@CIN 07/08/2026 07:10PM ET	CIN	5.31
3B/OF	Edmundo Sosa (43504944)	Edmundo Sosa	43504944	3B/OF	3000	PHI@CIN 07/08/2026 07:10PM ET	PHI	5.16
1B	Rhys Hoskins (43504935)	Rhys Hoskins	43504935	1B	3000	CLE@MIN 07/08/2026 07:40PM ET	CLE	5.38
OF/SS	Ryan Kreidler (43504939)	Ryan Kreidler	43504939	SS/OF	3000	CLE@MIN 07/08/2026 07:40PM ET	MIN	5.29
OF	Alex Call (43504941)	Alex Call	43504941	OF	3000	COL@LAD 07/08/2026 10:10PM ET	LAD	4.08
3B	Kyle Karros (43504943)	Kyle Karros	43504943	3B	3000	COL@LAD 07/08/2026 10:10PM ET	COL	6.23
2B	Hyeseong Kim (43505067)	Hyeseong Kim	43505067	2B	3000	COL@LAD 07/08/2026 10:10PM ET	LAD	4.91
OF	Sterlin Thompson (43505068)	Sterlin Thompson	43505068	OF	3000	COL@LAD 07/08/2026 10:10PM ET	COL	4.44
2B/OF	Bryan Torres (43504933)	Bryan Torres	43504933	2B/OF	3000	MIL@STL 07/08/2026 07:45PM ET	STL	4.42
OF	Nathan Church (43504946)	Nathan Church	43504946	OF	3000	MIL@STL 07/08/2026 07:45PM ET	STL	5.81
OF	Brandon Lockridge (43505069)	Brandon Lockridge	43505069	OF	3000	MIL@STL 07/08/2026 07:45PM ET	MIL	6.07
C	Luis Campusano (43504931)	Luis Campusano	43504931	C	3000	ARI@SD 07/08/2026 10:10PM ET	SD	6.59
OF	Lourdes Gurriel Jr. (43504947)	Lourdes Gurriel Jr.	43504947	OF	3000	ARI@SD 07/08/2026 10:10PM ET	ARI	5.31
OF	Jordan Lawlar (43505070)	Jordan Lawlar	43505070	OF	3000	ARI@SD 07/08/2026 10:10PM ET	ARI	8.25
OF	Starling Marte (43504938)	Starling Marte	43504938	OF	3000	KC@NYM 07/08/2026 07:10PM ET	KC	4.07
2B	Jonathan India (43505066)	Jonathan India	43505066	2B	3000	KC@NYM 07/08/2026 07:10PM ET	KC	5.41
OF	Wade Meckler (43504952)	Wade Meckler	43504952	OF	2900	LAA@TEX 07/08/2026 08:05PM ET	LAA	5.82
OF	Dane Myers (43505071)	Dane Myers	43505071	OF	2900	PHI@CIN 07/08/2026 07:10PM ET	CIN	3.97
C	Drew Romo (43504948)	Drew Romo	43504948	C	2900	BOS@CWS 07/08/2026 07:40PM ET	CWS	4.73
2B	Anthony Seigler (43504950)	Anthony Seigler	43504950	2B	2900	BOS@CWS 07/08/2026 07:40PM ET	BOS	7.06
OF	Nate Eaton (43504955)	Nate Eaton	43504955	OF	2900	BOS@CWS 07/08/2026 07:40PM ET	BOS	5.08
OF	Austin Hays (43505072)	Austin Hays	43505072	OF	2900	BOS@CWS 07/08/2026 07:40PM ET	CWS	5.08
1B	Kyle Manzardo (43504951)	Kyle Manzardo	43504951	1B	2900	CLE@MIN 07/08/2026 07:40PM ET	CLE	5.45
OF	David Fry (43504954)	David Fry	43504954	OF	2900	CLE@MIN 07/08/2026 07:40PM ET	CLE	3.74
2B	Alex Freeland (43504953)	Alex Freeland	43504953	2B	2900	COL@LAD 07/08/2026 10:10PM ET	LAD	4.70
3B	David Hamilton (43504949)	David Hamilton	43504949	3B	2900	MIL@STL 07/08/2026 07:45PM ET	MIL	5.65
2B/SS	Sung-Mun Song (43504956)	Sung-Mun Song	43504956	2B/SS	2900	ARI@SD 07/08/2026 10:10PM ET	SD	4.32
C	Elias Diaz (43504958)	Elias Diaz	43504958	C	2800	LAA@TEX 07/08/2026 08:05PM ET	TEX	5
2B	Donovan Walton (43504965)	Donovan Walton	43504965	2B	2800	LAA@TEX 07/08/2026 08:05PM ET	LAA	5.81
C	Kyle Higashioka (43504969)	Kyle Higashioka	43504969	C	2800	LAA@TEX 07/08/2026 08:05PM ET	TEX	4.74
OF	TJ Friedl (43504963)	TJ Friedl	43504963	OF	2800	PHI@CIN 07/08/2026 07:10PM ET	CIN	4.54
OF	Tristan Peters (43504966)	Tristan Peters	43504966	OF	2800	BOS@CWS 07/08/2026 07:40PM ET	CWS	5.69
OF	Steven Kwan (43504967)	Steven Kwan	43504967	OF	2800	CLE@MIN 07/08/2026 07:40PM ET	CLE	5.13
SS	Tristan Gray (43504970)	Tristan Gray	43504970	SS	2800	CLE@MIN 07/08/2026 07:40PM ET	MIN	4.52
3B	Nolan Gorman (43505073)	Nolan Gorman	43505073	3B	2800	MIL@STL 07/08/2026 07:45PM ET	STL	5.06
3B/OF	Miguel Andujar (43504959)	Miguel Andujar	43504959	3B/OF	2800	ARI@SD 07/08/2026 10:10PM ET	SD	5.16
1B/2B	Ildemaro Vargas (43504961)	Ildemaro Vargas	43504961	1B/2B	2800	ARI@SD 07/08/2026 10:10PM ET	ARI	6.30
OF	Tommy Troy (43504968)	Tommy Troy	43504968	OF	2800	ARI@SD 07/08/2026 10:10PM ET	ARI	5.22
1B/3B	Jose Fernandez (43505074)	Jose Fernandez	43505074	1B/3B	2800	ARI@SD 07/08/2026 10:10PM ET	ARI	5.24
OF	Isaac Collins (43504964)	Isaac Collins	43504964	OF	2800	KC@NYM 07/08/2026 07:10PM ET	KC	5.78
C	Connor Wong (43504975)	Connor Wong	43504975	C	2700	BOS@CWS 07/08/2026 07:40PM ET	BOS	5.60
OF	Kahlil Watson (43504977)	Kahlil Watson	43504977	OF	2700	CLE@MIN 07/08/2026 07:40PM ET	CLE	6.28
OF	Matt Wallner (43505076)	Matt Wallner	43505076	OF	2700	CLE@MIN 07/08/2026 07:40PM ET	MIN	5.06
2B/SS	Miguel Rojas (43504973)	Miguel Rojas	43504973	2B/SS	2700	COL@LAD 07/08/2026 10:10PM ET	LAD	3.76
OF	Jordan Beck (43505077)	Jordan Beck	43505077	OF	2700	COL@LAD 07/08/2026 10:10PM ET	COL	4.03
1B/3B	Blaze Jordan (43504971)	Blaze Jordan	43504971	1B/3B	2700	MIL@STL 07/08/2026 07:45PM ET	STL	5.55
OF	Blake Perkins (43504976)	Blake Perkins	43504976	OF	2700	MIL@STL 07/08/2026 07:45PM ET	MIL	2.79
C	Pedro Pages (43504978)	Pedro Pages	43504978	C	2700	MIL@STL 07/08/2026 07:45PM ET	STL	3.98
OF	Ryan Waldschmidt (43505078)	Ryan Waldschmidt	43505078	OF	2700	ARI@SD 07/08/2026 10:10PM ET	ARI	5.79
2B/SS	Nicky Lopez (43504983)	Nicky Lopez	43504983	2B/SS	2600	LAA@TEX 07/08/2026 08:05PM ET	TEX	5.10
OF	Jose Siri (43504985)	Jose Siri	43504985	OF	2600	LAA@TEX 07/08/2026 08:05PM ET	LAA	4.82
2B	Edwin Arroyo (43504982)	Edwin Arroyo	43504982	2B	2600	PHI@CIN 07/08/2026 07:10PM ET	CIN	3.79
C	Jose Trevino (43504988)	Jose Trevino	43504988	C	2600	PHI@CIN 07/08/2026 07:10PM ET	CIN	4.04
SS	Luisangel Acuna (43504979)	Luisangel Acuna	43504979	SS	2600	BOS@CWS 07/08/2026 07:40PM ET	CWS	3.78
C	Mickey Gasper (43505080)	Mickey Gasper	43505080	C	2600	BOS@CWS 07/08/2026 07:40PM ET	BOS	4.38
C	Austin Hedges (43504986)	Austin Hedges	43504986	C	2600	CLE@MIN 07/08/2026 07:40PM ET	CLE	4.74
OF	Ryan Ward (43505079)	Ryan Ward	43505079	OF	2600	COL@LAD 07/08/2026 10:10PM ET	LAD	5.75
OF	Tim Tawa (43504987)	Tim Tawa	43504987	OF	2600	ARI@SD 07/08/2026 10:10PM ET	ARI	2.83
3B	Nick Loftin (43504980)	Nick Loftin	43504980	3B	2600	KC@NYM 07/08/2026 07:10PM ET	KC	6.2
1B	Jared Young (43504981)	Jared Young	43504981	1B	2600	KC@NYM 07/08/2026 07:10PM ET	NYM	4.85
1B/3B	Vaughn Grissom (43504992)	Vaughn Grissom	43504992	1B/3B	2500	LAA@TEX 07/08/2026 08:05PM ET	LAA	5.83
OF	Alejandro Osuna (43504995)	Alejandro Osuna	43504995	OF	2500	LAA@TEX 07/08/2026 08:05PM ET	TEX	4.82
OF	Gabriel Rincones Jr. (43504994)	Gabriel Rincones Jr.	43504994	OF	2500	PHI@CIN 07/08/2026 07:10PM ET	PHI	4.71
SS	Marcelo Mayer (43505083)	Marcelo Mayer	43505083	SS	2500	BOS@CWS 07/08/2026 07:40PM ET	BOS	4.44
C	Alex Jackson (43504996)	Alex Jackson	43504996	C	2500	CLE@MIN 07/08/2026 07:40PM ET	MIN	4.32
C	Brett Sullivan (43504997)	Brett Sullivan	43504997	C	2500	COL@LAD 07/08/2026 10:10PM ET	COL	3.92
2B/3B	Chad Stevens (43505084)	Chad Stevens	43505084	2B/3B	2500	COL@LAD 07/08/2026 10:10PM ET	COL	1.31
OF	Alek Thomas (43505088)	Alek Thomas	43505088	OF	2500	COL@LAD 07/08/2026 10:10PM ET	LAD	5.61
OF	Akil Baddoo (43505086)	Akil Baddoo	43505086	OF	2500	MIL@STL 07/08/2026 07:45PM ET	MIL	0
OF	Jorge Barrosa (43505000)	Jorge Barrosa	43505000	OF	2500	ARI@SD 07/08/2026 10:10PM ET	ARI	2.87
3B	Jose Miranda (43505082)	Jose Miranda	43505082	3B	2500	ARI@SD 07/08/2026 10:10PM ET	SD	0
C	Adrian Del Castillo (43505087)	Adrian Del Castillo	43505087	C	2500	ARI@SD 07/08/2026 10:10PM ET	ARI	4.57
OF/SS	Tyler Tolbert (43504989)	Tyler Tolbert	43504989	SS/OF	2500	KC@NYM 07/08/2026 07:10PM ET	KC	5.47
2B	Brett Baty (43504991)	Brett Baty	43504991	2B	2500	KC@NYM 07/08/2026 07:10PM ET	NYM	4.81
OF	Kameron Misner (43504998)	Kameron Misner	43504998	OF	2500	KC@NYM 07/08/2026 07:10PM ET	KC	3.33
OF	Tyrone Taylor (43504999)	Tyrone Taylor	43504999	OF	2500	KC@NYM 07/08/2026 07:10PM ET	NYM	3.52
OF	Kyle Isbel (43505081)	Kyle Isbel	43505081	OF	2500	KC@NYM 07/08/2026 07:10PM ET	KC	4.73
C	Logan O'Hoppe (43505001)	Logan O'Hoppe	43505001	C	2400	LAA@TEX 07/08/2026 08:05PM ET	LAA	4.67
OF	Josh Lowe (43505008)	Josh Lowe	43505008	OF	2400	LAA@TEX 07/08/2026 08:05PM ET	LAA	4.61
C	Rafael Marchan (43505005)	Rafael Marchan	43505005	C	2400	PHI@CIN 07/08/2026 07:10PM ET	PHI	2.45
OF	Bryan De La Cruz (43505092)	Bryan De La Cruz	43505092	OF	2400	PHI@CIN 07/08/2026 07:10PM ET	PHI	0
1B	Jacob Gonzalez (43505004)	Jacob Gonzalez	43505004	1B	2400	BOS@CWS 07/08/2026 07:40PM ET	CWS	5.55
OF	Junior Perez (43505006)	Junior Perez	43505006	OF	2400	BOS@CWS 07/08/2026 07:40PM ET	CWS	3.21
C	Edgar Quero (43505089)	Edgar Quero	43505089	C	2400	BOS@CWS 07/08/2026 07:40PM ET	CWS	3.44
2B/SS	Isiah Kiner-Falefa (43505090)	Isiah Kiner-Falefa	43505090	2B/SS	2400	BOS@CWS 07/08/2026 07:40PM ET	BOS	5.19
3B/SS	Daniel Schneemann (43505002)	Daniel Schneemann	43505002	3B/SS	2400	CLE@MIN 07/08/2026 07:40PM ET	CLE	5.10
OF	Jase Bowen (43505007)	Jase Bowen	43505007	OF	2400	ARI@SD 07/08/2026 10:10PM ET	SD	1.71
2B/SS	Andruw Monasterio (43505016)	Andruw Monasterio	43505016	2B/SS	2300	BOS@CWS 07/08/2026 07:40PM ET	BOS	4.39
2B/3B	Nick Sogard (43505093)	Nick Sogard	43505093	2B/3B	2300	BOS@CWS 07/08/2026 07:40PM ET	BOS	4.67
C	Patrick Bailey (43505013)	Patrick Bailey	43505013	C	2300	CLE@MIN 07/08/2026 07:40PM ET	CLE	3.33
OF	Stuart Fairchild (43505095)	Stuart Fairchild	43505095	OF	2300	CLE@MIN 07/08/2026 07:40PM ET	CLE	3.07
2B/3B	Jose Fermin (43505009)	Jose Fermin	43505009	2B/3B	2300	MIL@STL 07/08/2026 07:45PM ET	STL	4.59
OF	Victor Scott II (43505096)	Victor Scott II	43505096	OF	2300	MIL@STL 07/08/2026 07:45PM ET	STL	4.08
2B	Jake Cronenworth (43505011)	Jake Cronenworth	43505011	2B	2300	ARI@SD 07/08/2026 10:10PM ET	SD	4.51
OF	Max Kepler (43505014)	Max Kepler	43505014	OF	2300	ARI@SD 07/08/2026 10:10PM ET	ARI	4.11
C	Rodolfo Duran (43505015)	Rodolfo Duran	43505015	C	2300	ARI@SD 07/08/2026 10:10PM ET	SD	3.15
1B	Eric Wagaman (43505012)	Eric Wagaman	43505012	1B	2300	KC@NYM 07/08/2026 07:10PM ET	NYM	3
2B	Josh Smith (43505019)	Josh Smith	43505019	2B	2200	LAA@TEX 07/08/2026 08:05PM ET	TEX	4.38
OF	Derek Hill (43505026)	Derek Hill	43505026	OF	2200	PHI@CIN 07/08/2026 07:10PM ET	PHI	3.70
3B	Gabriel Arias (43505018)	Gabriel Arias	43505018	3B	2200	CLE@MIN 07/08/2026 07:40PM ET	CLE	4.89
OF	Kyler Fedko (43505020)	Kyler Fedko	43505020	OF	2200	CLE@MIN 07/08/2026 07:40PM ET	MIN	0.62
OF	Cooper Ingle (43505022)	Cooper Ingle	43505022	OF	2200	CLE@MIN 07/08/2026 07:40PM ET	CLE	2.57
C	Jimmy Crooks (43505023)	Jimmy Crooks	43505023	C	2200	MIL@STL 07/08/2026 07:45PM ET	STL	3.13
3B/SS	Joey Ortiz (43505027)	Joey Ortiz	43505027	3B/SS	2200	MIL@STL 07/08/2026 07:45PM ET	MIL	4.10
C	James McCann (43505024)	James McCann	43505024	C	2200	ARI@SD 07/08/2026 10:10PM ET	ARI	2.83
1B	Pavin Smith (43505025)	Pavin Smith	43505025	1B	2200	ARI@SD 07/08/2026 10:10PM ET	ARI	3.30
C	Luis Torrens (43505021)	Luis Torrens	43505021	C	2200	KC@NYM 07/08/2026 07:10PM ET	NYM	4.05
OF	MJ Melendez (43505097)	MJ Melendez	43505097	OF	2200	KC@NYM 07/08/2026 07:10PM ET	NYM	3.68
2B/OF	Cam Cauley (43505030)	Cam Cauley	43505030	2B/OF	2100	LAA@TEX 07/08/2026 08:05PM ET	TEX	3.67
C	Garrett Stubbs (43505033)	Garrett Stubbs	43505033	C	2100	PHI@CIN 07/08/2026 07:10PM ET	PHI	2.05
SS	Tsung-Che Cheng (43505032)	Tsung-Che Cheng	43505032	SS	2100	BOS@CWS 07/08/2026 07:40PM ET	BOS	4
C	Yohel Pozo (43505098)	Yohel Pozo	43505098	C	2100	MIL@STL 07/08/2026 07:45PM ET	STL	2
C	Luke Maile (43505029)	Luke Maile	43505029	C	2100	KC@NYM 07/08/2026 07:10PM ET	KC	22
C	Tyler Heineman (43505039)	Tyler Heineman	43505039	C	2000	LAA@TEX 07/08/2026 08:05PM ET	LAA	2.41
OF	Michael Helman (43505100)	Michael Helman	43505100	OF	2000	LAA@TEX 07/08/2026 08:05PM ET	TEX	2.53
C	Logan Porter (43505106)	Logan Porter	43505106	C	2000	LAA@TEX 07/08/2026 08:05PM ET	LAA	4.33
2B	Adam Frazier (43505107)	Adam Frazier	43505107	2B	2000	LAA@TEX 07/08/2026 08:05PM ET	LAA	3.22
C	Sebastian Rivero (43505108)	Sebastian Rivero	43505108	C	2000	LAA@TEX 07/08/2026 08:05PM ET	LAA	3.12
OF	Gustavo Campero (43505109)	Gustavo Campero	43505109	OF	2000	LAA@TEX 07/08/2026 08:05PM ET	LAA	0
C	Travis d'Arnaud (43505110)	Travis d'Arnaud	43505110	C	2000	LAA@TEX 07/08/2026 08:05PM ET	LAA	4
2B/3B	Anthony Rendon (43505116)	Anthony Rendon	43505116	2B/3B	2000	LAA@TEX 07/08/2026 08:05PM ET	LAA	0
OF	Dairon Blanco (43505140)	Dairon Blanco	43505140	OF	2000	LAA@TEX 07/08/2026 08:05PM ET	TEX	0
C	Danny Jansen (43505141)	Danny Jansen	43505141	C	2000	LAA@TEX 07/08/2026 08:05PM ET	TEX	4.58
OF	Kyren Paris (43505142)	Kyren Paris	43505142	OF	2000	LAA@TEX 07/08/2026 08:05PM ET	LAA	0
3B	Yoan Moncada (43505143)	Yoan Moncada	43505143	3B	2000	LAA@TEX 07/08/2026 08:05PM ET	LAA	4.20
2B/OF	Christian Moore (43505146)	Christian Moore	43505146	2B/OF	2000	LAA@TEX 07/08/2026 08:05PM ET	LAA	2.67
OF	Bryce Teodosio (43505158)	Bryce Teodosio	43505158	OF	2000	LAA@TEX 07/08/2026 08:05PM ET	LAA	2.18
1B	Trey Mancini (43505163)	Trey Mancini	43505163	1B	2000	LAA@TEX 07/08/2026 08:05PM ET	LAA	5.4
2B	Cody Freeman (43505169)	Cody Freeman	43505169	2B	2000	LAA@TEX 07/08/2026 08:05PM ET	TEX	2.29
OF	Ivan Johnson (43505037)	Ivan Johnson	43505037	OF	2000	PHI@CIN 07/08/2026 07:10PM ET	CIN	0.67
OF	Hector Rodriguez (43505119)	Hector Rodriguez	43505119	OF	2000	PHI@CIN 07/08/2026 07:10PM ET	CIN	0
SS	Leo Balcazar (43505121)	Leo Balcazar	43505121	SS	2000	PHI@CIN 07/08/2026 07:10PM ET	CIN	0
SS	Christian Cairo (43505123)	Christian Cairo	43505123	SS	2000	PHI@CIN 07/08/2026 07:10PM ET	PHI	0
3B/SS	Sergio Alcantara (43505129)	Sergio Alcantara	43505129	3B/SS	2000	PHI@CIN 07/08/2026 07:10PM ET	PHI	0
OF	Adolis Garcia (43505132)	Adolis Garcia	43505132	OF	2000	PHI@CIN 07/08/2026 07:10PM ET	PHI	5.24
OF	Johan Rojas (43505136)	Johan Rojas	43505136	OF	2000	PHI@CIN 07/08/2026 07:10PM ET	PHI	0
3B	Ke'Bryan Hayes (43505155)	Ke'Bryan Hayes	43505155	3B	2000	PHI@CIN 07/08/2026 07:10PM ET	CIN	2.84
OF	Steward Berroa (43505166)	Steward Berroa	43505166	OF	2000	PHI@CIN 07/08/2026 07:10PM ET	PHI	0.83
1B/OF	Felix Reyes (43505174)	Felix Reyes	43505174	1B/OF	2000	PHI@CIN 07/08/2026 07:10PM ET	PHI	2.92
1B/OF	Otto Kemp (43505176)	Otto Kemp	43505176	1B/OF	2000	PHI@CIN 07/08/2026 07:10PM ET	PHI	0.77
C	Will Banfield (43505178)	Will Banfield	43505178	C	2000	PHI@CIN 07/08/2026 07:10PM ET	CIN	0
C	Carlos Narvaez (43505040)	Carlos Narvaez	43505040	C	2000	BOS@CWS 07/08/2026 07:40PM ET	BOS	3.59
OF	Brooks Baldwin (43505101)	Brooks Baldwin	43505101	OF	2000	BOS@CWS 07/08/2026 07:40PM ET	CWS	0
3B/OF	Tanner Murray (43505102)	Tanner Murray	43505102	3B/OF	2000	BOS@CWS 07/08/2026 07:40PM ET	CWS	3.15
OF	Rikuu Nishida (43505104)	Rikuu Nishida	43505104	OF	2000	BOS@CWS 07/08/2026 07:40PM ET	CWS	2.58
1B	Triston Casas (43505131)	Triston Casas	43505131	1B	2000	BOS@CWS 07/08/2026 07:40PM ET	BOS	0
2B	Kristian Campbell (43505135)	Kristian Campbell	43505135	2B	2000	BOS@CWS 07/08/2026 07:40PM ET	BOS	0
3B	Brett Harris (43505157)	Brett Harris	43505157	3B	2000	BOS@CWS 07/08/2026 07:40PM ET	BOS	0.8
OF	Gabriel Gonzalez (43505099)	Gabriel Gonzalez	43505099	OF	2000	CLE@MIN 07/08/2026 07:40PM ET	MIN	9
OF	Emmanuel Rodriguez (43505118)	Emmanuel Rodriguez	43505118	OF	2000	CLE@MIN 07/08/2026 07:40PM ET	MIN	0
OF	Hendry Mendez (43505124)	Hendry Mendez	43505124	OF	2000	CLE@MIN 07/08/2026 07:40PM ET	MIN	0
SS	Angel Genao (43505125)	Angel Genao	43505125	SS	2000	CLE@MIN 07/08/2026 07:40PM ET	CLE	0
OF	Alan Roden (43505144)	Alan Roden	43505144	OF	2000	CLE@MIN 07/08/2026 07:40PM ET	MIN	0
OF	Petey Halpin (43505145)	Petey Halpin	43505145	OF	2000	CLE@MIN 07/08/2026 07:40PM ET	CLE	2.29
1B/OF	CJ Kayfus (43505148)	CJ Kayfus	43505148	1B/OF	2000	CLE@MIN 07/08/2026 07:40PM ET	CLE	4.33
2B	Juan Brito (43505152)	Juan Brito	43505152	2B	2000	CLE@MIN 07/08/2026 07:40PM ET	CLE	4.33
C	Bo Naylor (43505154)	Bo Naylor	43505154	C	2000	CLE@MIN 07/08/2026 07:40PM ET	CLE	3.14
C	Eliezer Alfonzo (43505038)	Eliezer Alfonzo	43505038	C	2000	COL@LAD 07/08/2026 10:10PM ET	LAD	0
3B/OF	Nick Senzel (43505126)	Nick Senzel	43505126	3B/OF	2000	COL@LAD 07/08/2026 10:10PM ET	LAD	0
3B/OF	Kris Bryant (43505133)	Kris Bryant	43505133	3B/OF	2000	COL@LAD 07/08/2026 10:10PM ET	COL	0
2B/OF	Tyler Fitzgerald (43505137)	Tyler Fitzgerald	43505137	2B/OF	2000	COL@LAD 07/08/2026 10:10PM ET	LAD	0
OF	Zac Veen (43505150)	Zac Veen	43505150	OF	2000	COL@LAD 07/08/2026 10:10PM ET	COL	0
2B	Adael Amador (43505153)	Adael Amador	43505153	2B	2000	COL@LAD 07/08/2026 10:10PM ET	COL	0
2B	Ryan Ritter (43505173)	Ryan Ritter	43505173	2B	2000	COL@LAD 07/08/2026 10:10PM ET	COL	0.83
C	Leo Bernal (43505120)	Leo Bernal	43505120	C	2000	MIL@STL 07/08/2026 07:45PM ET	STL	0
OF	Joshua Baez (43505122)	Joshua Baez	43505122	OF	2000	MIL@STL 07/08/2026 07:45PM ET	STL	0
OF	Luis Lara (43505128)	Luis Lara	43505128	OF	2000	MIL@STL 07/08/2026 07:45PM ET	MIL	11
OF	Tyler Black (43505139)	Tyler Black	43505139	OF	2000	MIL@STL 07/08/2026 07:45PM ET	MIL	6.11
3B	Cesar Prieto (43505161)	Cesar Prieto	43505161	3B	2000	MIL@STL 07/08/2026 07:45PM ET	STL	0
2B/OF	Thomas Saggese (43505164)	Thomas Saggese	43505164	2B/OF	2000	MIL@STL 07/08/2026 07:45PM ET	STL	3.16
C	Jeferson Quero (43505171)	Jeferson Quero	43505171	C	2000	MIL@STL 07/08/2026 07:45PM ET	MIL	2
OF	Nick Castellanos (43505105)	Nick Castellanos	43505105	OF	2000	ARI@SD 07/08/2026 10:10PM ET	SD	4.67
1B	LuJames Groover (43505111)	LuJames Groover	43505111	1B	2000	ARI@SD 07/08/2026 10:10PM ET	ARI	4.2
OF	Ramon Laureano (43505112)	Ramon Laureano	43505112	OF	2000	ARI@SD 07/08/2026 10:10PM ET	SD	6.58
C	Freddy Fermin (43505113)	Freddy Fermin	43505113	C	2000	ARI@SD 07/08/2026 10:10PM ET	SD	3.24
2B/SS	Mason McCoy (43505114)	Mason McCoy	43505114	2B/SS	2000	ARI@SD 07/08/2026 10:10PM ET	SD	0
1B	Tyler Locklear (43505151)	Tyler Locklear	43505151	1B	2000	ARI@SD 07/08/2026 10:10PM ET	ARI	0
2B	Will Wagner (43505159)	Will Wagner	43505159	2B	2000	ARI@SD 07/08/2026 10:10PM ET	SD	3.69
2B/3B	Pablo Reyes (43505167)	Pablo Reyes	43505167	2B/3B	2000	ARI@SD 07/08/2026 10:10PM ET	SD	0
C	Blake Hunt (43505170)	Blake Hunt	43505170	C	2000	ARI@SD 07/08/2026 10:10PM ET	SD	0
SS	Ronny Mauricio (43505034)	Ronny Mauricio	43505034	SS	2000	KC@NYM 07/08/2026 07:10PM ET	NYM	2.82
2B/3B	Josh Rojas (43505035)	Josh Rojas	43505035	2B/3B	2000	KC@NYM 07/08/2026 07:10PM ET	KC	3
OF	Nick Morabito (43505156)	Nick Morabito	43505156	OF	2000	KC@NYM 07/08/2026 07:10PM ET	NYM	0.4
C	Hayden Senger (43505160)	Hayden Senger	43505160	C	2000	KC@NYM 07/08/2026 07:10PM ET	NYM	3
OF	Matthew Lugo (43505162)	Matthew Lugo	43505162	OF	2000	KC@NYM 07/08/2026 07:10PM ET	KC	0
OF	Jared Oliva (43505172)	Jared Oliva	43505172	OF	2000	KC@NYM 07/08/2026 07:10PM ET	NYM	1.43